vehicle_type,country_code,year,value
coaches-and-buses,ALB,2000,241.27862650408028
coaches-and-buses,ALB,2001,235.46350773349465
coaches-and-buses,ALB,2002,233.4021515753831
coaches-and-buses,ALB,2003,232.78136576032455
coaches-and-buses,ALB,2004,242.2198414092296
coaches-and-buses,ALB,2005,232.196422712862
coaches-and-buses,ALB,2006,181.7157004958767
coaches-and-buses,ALB,2007,208.96061889015493
coaches-and-buses,ALB,2008,224.59830346708767
coaches-and-buses,ALB,2009,214.68176193373
coaches-and-buses,ALB,2010,219.1679888621541
coaches-and-buses,ALB,2011,236.1282295973988
coaches-and-buses,ALB,2012,235.69132468365456
coaches-and-buses,ALB,2013,246.85770323345
coaches-and-buses,ALB,2014,245.2336312980618
coaches-and-buses,ALB,2015,232.4314554944807
coaches-and-buses,ALB,2016,234.40456960047408
coaches-and-buses,ALB,2017,235.41299041208364
coaches-and-buses,ALB,2018,232.45997245819316
coaches-and-buses,AUT,2000,450.0
coaches-and-buses,AUT,2001,459.0
coaches-and-buses,AUT,2002,479.0
coaches-and-buses,AUT,2003,497.00000000000006
coaches-and-buses,AUT,2004,496.0
coaches-and-buses,AUT,2005,496.0
coaches-and-buses,AUT,2006,489.9999999999999
coaches-and-buses,AUT,2007,520.0
coaches-and-buses,AUT,2008,507.00000000000006
coaches-and-buses,AUT,2009,468.0
coaches-and-buses,AUT,2010,509.00000000000006
coaches-and-buses,AUT,2011,506.0
coaches-and-buses,AUT,2012,506.0
coaches-and-buses,AUT,2013,507.00000000000006
coaches-and-buses,AUT,2014,520.0
coaches-and-buses,AUT,2015,528.4842614842729
coaches-and-buses,AUT,2016,557.8069590464256
coaches-and-buses,AUT,2017,571.0454056433495
coaches-and-buses,AUT,2018,571.5711609078062
coaches-and-buses,BEL,2000,662.1221232127834
coaches-and-buses,BEL,2001,670.0
coaches-and-buses,BEL,2002,680.0
coaches-and-buses,BEL,2003,697.5187779622775
coaches-and-buses,BEL,2004,700.0570078049279
coaches-and-buses,BEL,2005,692.6881831819835
coaches-and-buses,BEL,2006,679.5651078644696
coaches-and-buses,BEL,2007,676.4030536650286
coaches-and-buses,BEL,2008,689.6161002048635
coaches-and-buses,BEL,2009,682.5031199642193
coaches-and-buses,BEL,2010,679.6720842850467
coaches-and-buses,BEL,2011,664.1688685795361
coaches-and-buses,BEL,2012,651.4092899809898
coaches-and-buses,BEL,2013,633.0
coaches-and-buses,BEL,2014,645.9999999999999
coaches-and-buses,BEL,2015,659.0
coaches-and-buses,BEL,2016,685.601741348851
coaches-and-buses,BEL,2017,671.2440688708491
coaches-and-buses,BEL,2018,658.2661575272806
coaches-and-buses,BGR,2000,464.9984061204973
coaches-and-buses,BGR,2001,486.6016260162602
coaches-and-buses,BGR,2002,563.3499170812604
coaches-and-buses,BGR,2003,487.1447902571042
coaches-and-buses,BGR,2004,449.5859213250517
coaches-and-buses,BGR,2005,481.8021823301655
coaches-and-buses,BGR,2006,464.70377019748656
coaches-and-buses,BGR,2007,497.02361140443503
coaches-and-buses,BGR,2008,453.8
coaches-and-buses,BGR,2009,476.6
coaches-and-buses,BGR,2010,443.0
coaches-and-buses,BGR,2011,489.00000000000006
coaches-and-buses,BGR,2012,449.0
coaches-and-buses,BGR,2013,439.9
coaches-and-buses,BGR,2014,455.80000000000007
coaches-and-buses,BGR,2015,479.4093673981321
coaches-and-buses,BGR,2016,496.6621458510177
coaches-and-buses,BGR,2017,502.33664925707455
coaches-and-buses,BGR,2018,530.2085490964197
coaches-and-buses,BIH,2000,419.9092320249495
coaches-and-buses,BIH,2001,390.6178915982957
coaches-and-buses,BIH,2002,376.0561577499034
coaches-and-buses,BIH,2003,321.5871621929203
coaches-and-buses,BIH,2004,305.72602457562306
coaches-and-buses,BIH,2005,292.1803726931413
coaches-and-buses,BIH,2006,264.936857446845
coaches-and-buses,BIH,2007,273.5501589993018
coaches-and-buses,BIH,2008,266.25936742555643
coaches-and-buses,BIH,2009,254.0132673583283
coaches-and-buses,BIH,2010,266.77074289299367
coaches-and-buses,BIH,2011,276.30762433076194
coaches-and-buses,BIH,2012,281.18245908589535
coaches-and-buses,BIH,2013,280.2577988261206
coaches-and-buses,BIH,2014,267.7071549456282
coaches-and-buses,BIH,2015,266.5070311591508
coaches-and-buses,BIH,2016,302.29670754180466
coaches-and-buses,BIH,2017,320.0276317465344
coaches-and-buses,BIH,2018,330.59571033701445
coaches-and-buses,CHE,2000,192.1093807535204
coaches-and-buses,CHE,2001,188.1779940645412
coaches-and-buses,CHE,2002,186.95037644835145
coaches-and-buses,CHE,2003,193.6028910262158
coaches-and-buses,CHE,2004,200.58207575077785
coaches-and-buses,CHE,2005,217.3004391779765
coaches-and-buses,CHE,2006,230.59487318456405
coaches-and-buses,CHE,2007,247.3584864986792
coaches-and-buses,CHE,2008,275.9427676547419
coaches-and-buses,CHE,2009,280.9772940025558
coaches-and-buses,CHE,2010,292.3741374818502
coaches-and-buses,CHE,2011,300.37801727032377
coaches-and-buses,CHE,2012,310.5995631097452
coaches-and-buses,CHE,2013,322.7564823098036
coaches-and-buses,CHE,2014,323.81113006797784
coaches-and-buses,CHE,2015,327.9695414543973
coaches-and-buses,CHE,2016,334.8014838805786
coaches-and-buses,CHE,2017,338.4629681373244
coaches-and-buses,CHE,2018,349.73241247643887
coaches-and-buses,CYP,2000,135.63829316252085
coaches-and-buses,CYP,2001,140.37602321690082
coaches-and-buses,CYP,2002,145.05933926423066
coaches-and-buses,CYP,2003,154.49067841417283
coaches-and-buses,CYP,2004,149.33231519858026
coaches-and-buses,CYP,2005,151.26238631509196
coaches-and-buses,CYP,2006,152.9715915944939
coaches-and-buses,CYP,2007,154.36355021000614
coaches-and-buses,CYP,2008,156.4782175504439
coaches-and-buses,CYP,2009,149.0
coaches-and-buses,CYP,2010,147.0
coaches-and-buses,CYP,2011,149.50000000000003
coaches-and-buses,CYP,2012,152.7015961471061
coaches-and-buses,CYP,2013,149.61631935314273
coaches-and-buses,CYP,2014,148.96199986603827
coaches-and-buses,CYP,2015,157.36548616926802
coaches-and-buses,CYP,2016,189.87986661907425
coaches-and-buses,CYP,2017,203.7866332529132
coaches-and-buses,CYP,2018,210.82166534598224
coaches-and-buses,CZE,2000,716.8
coaches-and-buses,CZE,2001,798.0500000000001
coaches-and-buses,CZE,2002,761.1136393875602
coaches-and-buses,CZE,2003,702.1583673960844
coaches-and-buses,CZE,2004,648.0244696239122
coaches-and-buses,CZE,2005,639.0
coaches-and-buses,CZE,2006,658.2415994583579
coaches-and-buses,CZE,2007,665.197970842859
coaches-and-buses,CZE,2008,667.2464671319442
coaches-and-buses,CZE,2009,668.0260710810982
coaches-and-buses,CZE,2010,692.2880983918766
coaches-and-buses,CZE,2011,661.379076502634
coaches-and-buses,CZE,2012,640.267531505709
coaches-and-buses,CZE,2013,656.7334242272879
coaches-and-buses,CZE,2014,695.8221473424761
coaches-and-buses,CZE,2015,679.3755239728313
coaches-and-buses,CZE,2016,788.2801736994295
coaches-and-buses,CZE,2017,825.2690625414627
coaches-and-buses,CZE,2018,841.7038426738975
coaches-and-buses,DEU,2000,3688.606866628038
coaches-and-buses,DEU,2001,3671.9721566122776
coaches-and-buses,DEU,2002,3606.659479556271
coaches-and-buses,DEU,2003,3604.31377355604
coaches-and-buses,DEU,2004,3615.9452461602177
coaches-and-buses,DEU,2005,3566.974667440394
coaches-and-buses,DEU,2006,3639.720985533603
coaches-and-buses,DEU,2007,3424.0000000000005
coaches-and-buses,DEU,2008,3295.0
coaches-and-buses,DEU,2009,3200.581198843499
coaches-and-buses,DEU,2010,3175.1729536736343
coaches-and-buses,DEU,2011,3152.1405453683547
coaches-and-buses,DEU,2012,3047.45154534784
coaches-and-buses,DEU,2013,3102.860992203686
coaches-and-buses,DEU,2014,3189.522133099372
coaches-and-buses,DEU,2015,3337.954168368973
coaches-and-buses,DEU,2016,3463.52048277534
coaches-and-buses,DEU,2017,3516.806019249113
coaches-and-buses,DEU,2018,3614.998015904208
coaches-and-buses,DNK,2000,629.0
coaches-and-buses,DNK,2001,625.0
coaches-and-buses,DNK,2002,615.7995476876182
coaches-and-buses,DNK,2003,610.3441747206305
coaches-and-buses,DNK,2004,601.0
coaches-and-buses,DNK,2005,612.0
coaches-and-buses,DNK,2006,624.0
coaches-and-buses,DNK,2007,620.0
coaches-and-buses,DNK,2008,629.0
coaches-and-buses,DNK,2009,638.9240563726413
coaches-and-buses,DNK,2010,650.4016054055998
coaches-and-buses,DNK,2011,639.9994085569588
coaches-and-buses,DNK,2012,627.2010496077718
coaches-and-buses,DNK,2013,629.2912185833097
coaches-and-buses,DNK,2014,649.1474091506599
coaches-and-buses,DNK,2015,661.0985474083964
coaches-and-buses,DNK,2016,788.4480031441993
coaches-and-buses,DNK,2017,800.2701154200921
coaches-and-buses,DNK,2018,827.7493232290174
coaches-and-buses,ESP,2000,1967.3329962231116
coaches-and-buses,ESP,2001,1982.370180114004
coaches-and-buses,ESP,2002,1947.1942304013508
coaches-and-buses,ESP,2003,1915.7658079526968
coaches-and-buses,ESP,2004,1923.705983529852
coaches-and-buses,ESP,2005,1876.9177014127688
coaches-and-buses,ESP,2006,1970.0588943723385
coaches-and-buses,ESP,2007,2050.455150116945
coaches-and-buses,ESP,2008,2039.551420213484
coaches-and-buses,ESP,2009,2012.377586131578
coaches-and-buses,ESP,2010,1959.8082832137884
coaches-and-buses,ESP,2011,1909.75602571531
coaches-and-buses,ESP,2012,1828.9403170292132
coaches-and-buses,ESP,2013,1750.818453875273
coaches-and-buses,ESP,2014,1708.4855904417232
coaches-and-buses,ESP,2015,1954.1596084027092
coaches-and-buses,ESP,2016,1815.281314581559
coaches-and-buses,ESP,2017,1873.641862427087
coaches-and-buses,ESP,2018,1957.816922752928
coaches-and-buses,EST,2000,205.7989378703921
coaches-and-buses,EST,2001,199.20396105339148
coaches-and-buses,EST,2002,195.3129554257414
coaches-and-buses,EST,2003,197.6770486360697
coaches-and-buses,EST,2004,198.21100090589573
coaches-and-buses,EST,2005,202.57
coaches-and-buses,EST,2006,204.46787147764155
coaches-and-buses,EST,2007,168.75095708568492
coaches-and-buses,EST,2008,156.9325833223736
coaches-and-buses,EST,2009,146.4416395292927
coaches-and-buses,EST,2010,145.1720972464007
coaches-and-buses,EST,2011,142.1510497967512
coaches-and-buses,EST,2012,149.1
coaches-and-buses,EST,2013,156.91792896827667
coaches-and-buses,EST,2014,164.9875804203536
coaches-and-buses,EST,2015,175.0
coaches-and-buses,EST,2016,211.49127651578104
coaches-and-buses,EST,2017,216.30687825175576
coaches-and-buses,EST,2018,223.10378301992745
coaches-and-buses,FIN,2000,355.65366996088164
coaches-and-buses,FIN,2001,350.7544781905607
coaches-and-buses,FIN,2002,357.86769437001107
coaches-and-buses,FIN,2003,369.29054452293775
coaches-and-buses,FIN,2004,380.79984622696713
coaches-and-buses,FIN,2005,386.51992790209687
coaches-and-buses,FIN,2006,394.5128360528634
coaches-and-buses,FIN,2007,405.6008620182295
coaches-and-buses,FIN,2008,430.5344428924007
coaches-and-buses,FIN,2009,455.5841071109637
coaches-and-buses,FIN,2010,476.491697244212
coaches-and-buses,FIN,2011,495.1501744994152
coaches-and-buses,FIN,2012,518.3185216153627
coaches-and-buses,FIN,2013,537.7421033143835
coaches-and-buses,FIN,2014,560.9522591435097
coaches-and-buses,FIN,2015,580.0000000000001
coaches-and-buses,FIN,2016,713.0965816022546
coaches-and-buses,FIN,2017,715.3186899591655
coaches-and-buses,FIN,2018,726.4177708109333
coaches-and-buses,FRA,2000,2839.1181223613894
coaches-and-buses,FRA,2001,2848.7210079071137
coaches-and-buses,FRA,2002,2873.4774117870397
coaches-and-buses,FRA,2003,2900.760166044881
coaches-and-buses,FRA,2004,3009.2417985222964
coaches-and-buses,FRA,2005,3130.2869392210887
coaches-and-buses,FRA,2006,3271.2465540788003
coaches-and-buses,FRA,2007,3430.714399747827
coaches-and-buses,FRA,2008,3471.76149144972
coaches-and-buses,FRA,2009,3450.9241786865878
coaches-and-buses,FRA,2010,3396.999999999999
coaches-and-buses,FRA,2011,3457.802500738313
coaches-and-buses,FRA,2012,3439.347320402708
coaches-and-buses,FRA,2013,3561.0000000000005
coaches-and-buses,FRA,2014,3623.0
coaches-and-buses,FRA,2015,3678.0
coaches-and-buses,FRA,2016,3915.961732685641
coaches-and-buses,FRA,2017,3922.1535424510334
coaches-and-buses,FRA,2018,3845.477255325474
coaches-and-buses,GBR,2000,2579.0
coaches-and-buses,GBR,2001,2578.0
coaches-and-buses,GBR,2002,2602.5
coaches-and-buses,GBR,2003,2637.784543057367
coaches-and-buses,GBR,2004,2631.0541905767027
coaches-and-buses,GBR,2005,2619.932857377531
coaches-and-buses,GBR,2006,2671.7044054973185
coaches-and-buses,GBR,2007,2627.757790542052
coaches-and-buses,GBR,2008,2592.0
coaches-and-buses,GBR,2009,2464.7971626113904
coaches-and-buses,GBR,2010,2380.013061738005
coaches-and-buses,GBR,2011,2288.836381272837
coaches-and-buses,GBR,2012,2219.775374950765
coaches-and-buses,GBR,2013,2254.0
coaches-and-buses,GBR,2014,2219.325171261612
coaches-and-buses,GBR,2015,2152.0
coaches-and-buses,GBR,2016,2329.037662141463
coaches-and-buses,GBR,2017,2361.688517928413
coaches-and-buses,GBR,2018,2347.006327904182
coaches-and-buses,GRC,2000,779.8021062389352
coaches-and-buses,GRC,2001,791.229620975524
coaches-and-buses,GRC,2002,806.4734944071627
coaches-and-buses,GRC,2003,812.6870061027088
coaches-and-buses,GRC,2004,807.7257277966602
coaches-and-buses,GRC,2005,819.5798507462687
coaches-and-buses,GRC,2006,845.9347826086961
coaches-and-buses,GRC,2007,848.0547945205481
coaches-and-buses,GRC,2008,827.4425109469051
coaches-and-buses,GRC,2009,807.5365866981796
coaches-and-buses,GRC,2010,813.02752293578
coaches-and-buses,GRC,2011,821.5103132882548
coaches-and-buses,GRC,2012,815.5162633351072
coaches-and-buses,GRC,2013,814.5247519055987
coaches-and-buses,GRC,2014,814.1389969216959
coaches-and-buses,GRC,2015,812.5758870814796
coaches-and-buses,GRC,2016,920.4540930381752
coaches-and-buses,GRC,2017,916.1042955502018
coaches-and-buses,GRC,2018,945.7362951390288
coaches-and-buses,HRV,2000,332.6483825872236
coaches-and-buses,HRV,2001,334.68608275746885
coaches-and-buses,HRV,2002,329.15260695523693
coaches-and-buses,HRV,2003,324.7555397625198
coaches-and-buses,HRV,2004,319.56757185630613
coaches-and-buses,HRV,2005,314.1225161660089
coaches-and-buses,HRV,2006,309.1707552814703
coaches-and-buses,HRV,2007,309.9647358238968
coaches-and-buses,HRV,2008,306.00000000000006
coaches-and-buses,HRV,2009,300.4471045181059
coaches-and-buses,HRV,2010,299.68437853192364
coaches-and-buses,HRV,2011,292.14556010563786
coaches-and-buses,HRV,2012,280.6816007439917
coaches-and-buses,HRV,2013,281.73335937284804
coaches-and-buses,HRV,2014,290.0
coaches-and-buses,HRV,2015,300.0
coaches-and-buses,HRV,2016,348.2262980113628
coaches-and-buses,HRV,2017,388.745945759165
coaches-and-buses,HRV,2018,382.2111670304797
coaches-and-buses,HUN,2000,682.4418764149843
coaches-and-buses,HUN,2001,684.8368565710396
coaches-and-buses,HUN,2002,685.1466551920004
coaches-and-buses,HUN,2003,680.5887175587173
coaches-and-buses,HUN,2004,656.6101599360896
coaches-and-buses,HUN,2005,647.5542479312217
coaches-and-buses,HUN,2006,703.5478959019147
coaches-and-buses,HUN,2007,719.1478253309105
coaches-and-buses,HUN,2008,662.93
coaches-and-buses,HUN,2009,648.8251445697782
coaches-and-buses,HUN,2010,647.6809495571919
coaches-and-buses,HUN,2011,641.080223207736
coaches-and-buses,HUN,2012,642.9123274411508
coaches-and-buses,HUN,2013,659.8929299372514
coaches-and-buses,HUN,2014,667.1891063172516
coaches-and-buses,HUN,2015,668.7899999999998
coaches-and-buses,HUN,2016,788.1239861319357
coaches-and-buses,HUN,2017,834.1897727285051
coaches-and-buses,HUN,2018,898.1303487125359
coaches-and-buses,IRL,2000,227.0511366758201
coaches-and-buses,IRL,2001,238.03097881701623
coaches-and-buses,IRL,2002,243.88342593883164
coaches-and-buses,IRL,2003,258.7745379991292
coaches-and-buses,IRL,2004,269.65582701795057
coaches-and-buses,IRL,2005,281.6829648051569
coaches-and-buses,IRL,2006,303.0699094316076
coaches-and-buses,IRL,2007,324.67982340223324
coaches-and-buses,IRL,2008,348.2855811123408
coaches-and-buses,IRL,2009,345.6730902709714
coaches-and-buses,IRL,2010,338.14235731399475
coaches-and-buses,IRL,2011,343.44
coaches-and-buses,IRL,2012,342.87539253556173
coaches-and-buses,IRL,2013,358.19986741616225
coaches-and-buses,IRL,2014,375.0
coaches-and-buses,IRL,2015,396.0
coaches-and-buses,IRL,2016,463.1416143394535
coaches-and-buses,IRL,2017,470.7063700042356
coaches-and-buses,IRL,2018,492.2947497058095
coaches-and-buses,ITA,2000,3821.932653918156
coaches-and-buses,ITA,2001,3910.9623616932663
coaches-and-buses,ITA,2002,3974.723224138314
coaches-and-buses,ITA,2003,4023.2531169796985
coaches-and-buses,ITA,2004,4083.308692177288
coaches-and-buses,ITA,2005,4134.386196213458
coaches-and-buses,ITA,2006,4224.68923844843
coaches-and-buses,ITA,2007,4217.610864065943
coaches-and-buses,ITA,2008,4226.617370410929
coaches-and-buses,ITA,2009,4253.418981116575
coaches-and-buses,ITA,2010,4327.0
coaches-and-buses,ITA,2011,4418.788622351044
coaches-and-buses,ITA,2012,4225.0
coaches-and-buses,ITA,2013,4236.0
coaches-and-buses,ITA,2014,4269.999999999999
coaches-and-buses,ITA,2015,4318.0
coaches-and-buses,ITA,2016,4646.328821222076
coaches-and-buses,ITA,2017,4436.747407339726
coaches-and-buses,ITA,2018,4636.048942283212
coaches-and-buses,LTU,2000,95.45653003943528
coaches-and-buses,LTU,2001,98.15939339502496
coaches-and-buses,LTU,2002,104.3967372576511
coaches-and-buses,LTU,2003,107.43224143833498
coaches-and-buses,LTU,2004,115.07628728204514
coaches-and-buses,LTU,2005,111.93708631004354
coaches-and-buses,LTU,2006,108.45325644845596
coaches-and-buses,LTU,2007,102.88568122184066
coaches-and-buses,LTU,2008,96.73034225438464
coaches-and-buses,LTU,2009,96.28076175727584
coaches-and-buses,LTU,2010,93.6046194032797
coaches-and-buses,LTU,2011,95.77723529089856
coaches-and-buses,LTU,2012,91.43777639273324
coaches-and-buses,LTU,2013,101.0
coaches-and-buses,LTU,2014,99.12119493540344
coaches-and-buses,LTU,2015,100.19902558752926
coaches-and-buses,LTU,2016,98.22970101323006
coaches-and-buses,LTU,2017,102.97907427056568
coaches-and-buses,LTU,2018,107.72836507718092
coaches-and-buses,LUX,2000,38.810249971055086
coaches-and-buses,LUX,2001,42.41602947869927
coaches-and-buses,LUX,2002,45.4714836426376
coaches-and-buses,LUX,2003,46.68742726720804
coaches-and-buses,LUX,2004,47.418485962735815
coaches-and-buses,LUX,2005,49.22354033084503
coaches-and-buses,LUX,2006,49.73419764519844
coaches-and-buses,LUX,2007,51.58442663229166
coaches-and-buses,LUX,2008,53.86258604307464
coaches-and-buses,LUX,2009,55.60918971230324
coaches-and-buses,LUX,2010,57.221404025527775
coaches-and-buses,LUX,2011,58.60951585945261
coaches-and-buses,LUX,2012,58.41148515833184
coaches-and-buses,LUX,2013,58.54804237201397
coaches-and-buses,LUX,2014,58.05122915202036
coaches-and-buses,LUX,2015,59.57107021733777
coaches-and-buses,LUX,2016,58.38443410513365
coaches-and-buses,LUX,2017,59.610673478672496
coaches-and-buses,LUX,2018,63.30208375659716
coaches-and-buses,LVA,2000,137.66131044818465
coaches-and-buses,LVA,2001,140.3932401434883
coaches-and-buses,LVA,2002,146.02695174870794
coaches-and-buses,LVA,2003,157.86173874006838
coaches-and-buses,LVA,2004,159.307393267873
coaches-and-buses,LVA,2005,158.97903104444907
coaches-and-buses,LVA,2006,155.0366099694781
coaches-and-buses,LVA,2007,152.48205494690848
coaches-and-buses,LVA,2008,146.757
coaches-and-buses,LVA,2009,145.4940445525069
coaches-and-buses,LVA,2010,143.90114446530592
coaches-and-buses,LVA,2011,138.84402500282914
coaches-and-buses,LVA,2012,135.6275925190171
coaches-and-buses,LVA,2013,134.35938586951605
coaches-and-buses,LVA,2014,130.4270138408559
coaches-and-buses,LVA,2015,129.37365089786044
coaches-and-buses,LVA,2016,152.14186403651692
coaches-and-buses,LVA,2017,164.83932181483675
coaches-and-buses,LVA,2018,164.39993147307888
coaches-and-buses,MKD,2000,112.11835660763047
coaches-and-buses,MKD,2001,101.3220519098394
coaches-and-buses,MKD,2002,92.10830534898814
coaches-and-buses,MKD,2003,77.98734435315387
coaches-and-buses,MKD,2004,89.43396409523245
coaches-and-buses,MKD,2005,77.51233094250821
coaches-and-buses,MKD,2006,70.15862863208682
coaches-and-buses,MKD,2007,80.65549646272056
coaches-and-buses,MKD,2008,80.20758815213853
coaches-and-buses,MKD,2009,82.8225386761632
coaches-and-buses,MKD,2010,94.6984495617848
coaches-and-buses,MKD,2011,104.6026588187157
coaches-and-buses,MKD,2012,111.44102279066186
coaches-and-buses,MKD,2013,128.90293927091076
coaches-and-buses,MKD,2014,132.44577299826625
coaches-and-buses,MKD,2015,143.47537361930978
coaches-and-buses,MKD,2016,167.85586272632625
coaches-and-buses,MKD,2017,176.45307603304215
coaches-and-buses,MKD,2018,176.71155437967383
coaches-and-buses,MLT,2000,30.177663021838544
coaches-and-buses,MLT,2001,30.83934376642096
coaches-and-buses,MLT,2002,31.507032562182854
coaches-and-buses,MLT,2003,32.186987621388504
coaches-and-buses,MLT,2004,32.89199642486166
coaches-and-buses,MLT,2005,32.32870172049477
coaches-and-buses,MLT,2006,33.18227031331275
coaches-and-buses,MLT,2007,33.909023818497566
coaches-and-buses,MLT,2008,35.05659398131909
coaches-and-buses,MLT,2009,34.929531313771804
coaches-and-buses,MLT,2010,39.557
coaches-and-buses,MLT,2011,45.39119493181582
coaches-and-buses,MLT,2012,53.81421807124588
coaches-and-buses,MLT,2013,55.14660967894305
coaches-and-buses,MLT,2014,68.40144073401274
coaches-and-buses,MLT,2015,77.7079186339343
coaches-and-buses,MLT,2016,83.1785906701752
coaches-and-buses,MLT,2017,88.32988097510234
coaches-and-buses,MLT,2018,106.29598684264622
coaches-and-buses,MNE,2000,53.35841313862607
coaches-and-buses,MNE,2001,49.630361196942616
coaches-and-buses,MNE,2002,47.770150415339785
coaches-and-buses,MNE,2003,40.85637448725553
coaches-and-buses,MNE,2004,38.83278931266387
coaches-and-buses,MNE,2005,37.10229787500176
coaches-and-buses,MNE,2006,32.62793045380856
coaches-and-buses,MNE,2007,50.041931934183786
coaches-and-buses,MNE,2008,49.39792154074019
coaches-and-buses,MNE,2009,44.57290976209435
coaches-and-buses,MNE,2010,55.839067871181605
coaches-and-buses,MNE,2011,58.30569224176525
coaches-and-buses,MNE,2012,56.78829381453669
coaches-and-buses,MNE,2013,46.24320239518455
coaches-and-buses,MNE,2014,40.809012047576985
coaches-and-buses,MNE,2015,46.231805160405166
coaches-and-buses,MNE,2016,55.38448147042888
coaches-and-buses,MNE,2017,60.99943961509053
coaches-and-buses,MNE,2018,67.1109045441057
coaches-and-buses,NLD,2000,594.2506835484875
coaches-and-buses,NLD,2001,591.4999999999999
coaches-and-buses,NLD,2002,591.0809685366894
coaches-and-buses,NLD,2003,582.5
coaches-and-buses,NLD,2004,576.3402199036744
coaches-and-buses,NLD,2005,581.9526793682176
coaches-and-buses,NLD,2006,580.7339864997791
coaches-and-buses,NLD,2007,584.0999999999999
coaches-and-buses,NLD,2008,609.5661382915235
coaches-and-buses,NLD,2009,636.2054887901925
coaches-and-buses,NLD,2010,667.367347876426
coaches-and-buses,NLD,2011,659.0625366082655
coaches-and-buses,NLD,2012,654.3029295789836
coaches-and-buses,NLD,2013,634.3863536136629
coaches-and-buses,NLD,2014,612.1732139711904
coaches-and-buses,NLD,2015,603.1999999999999
coaches-and-buses,NLD,2016,656.8198068179998
coaches-and-buses,NLD,2017,694.778814775683
coaches-and-buses,NLD,2018,711.043313552468
coaches-and-buses,NOR,2000,546.6360870866597
coaches-and-buses,NOR,2001,555.855138282116
coaches-and-buses,NOR,2002,565.9202470397078
coaches-and-buses,NOR,2003,546.1410910166466
coaches-and-buses,NOR,2004,533.7708847944175
coaches-and-buses,NOR,2005,520.9108917652624
coaches-and-buses,NOR,2006,548.6915015278724
coaches-and-buses,NOR,2007,553.4026075997134
coaches-and-buses,NOR,2008,534.5191339911122
coaches-and-buses,NOR,2009,574.3441255268243
coaches-and-buses,NOR,2010,614.6839965233253
coaches-and-buses,NOR,2011,566.8149262257737
coaches-and-buses,NOR,2012,594.1072669042277
coaches-and-buses,NOR,2013,650.3778364844904
coaches-and-buses,NOR,2014,684.7630563347637
coaches-and-buses,NOR,2015,632.632836217595
coaches-and-buses,NOR,2016,658.2875711762017
coaches-and-buses,NOR,2017,646.5767183189071
coaches-and-buses,NOR,2018,653.2895765907296
coaches-and-buses,POL,2000,1621.9061839600893
coaches-and-buses,POL,2001,1586.8808821353396
coaches-and-buses,POL,2002,1571.1309849680074
coaches-and-buses,POL,2003,1524.8790846734692
coaches-and-buses,POL,2004,1639.7765368098446
coaches-and-buses,POL,2005,1634.274878914542
coaches-and-buses,POL,2006,1578.583093184781
coaches-and-buses,POL,2007,1607.6578640169394
coaches-and-buses,POL,2008,1582.260636563574
coaches-and-buses,POL,2009,1598.977151224978
coaches-and-buses,POL,2010,1592.726365777021
coaches-and-buses,POL,2011,1610.4008362048926
coaches-and-buses,POL,2012,1571.4931238124266
coaches-and-buses,POL,2013,1577.779151293627
coaches-and-buses,POL,2014,1603.9808009611831
coaches-and-buses,POL,2015,1851.0
coaches-and-buses,POL,2016,2426.540588158909
coaches-and-buses,POL,2017,2888.514376068226
coaches-and-buses,POL,2018,3123.7459288493965
coaches-and-buses,PRT,2000,514.5818782799573
coaches-and-buses,PRT,2001,530.7688551749616
coaches-and-buses,PRT,2002,536.875895550497
coaches-and-buses,PRT,2003,533.2248130392061
coaches-and-buses,PRT,2004,526.4965351632551
coaches-and-buses,PRT,2005,340.6371165784418
coaches-and-buses,PRT,2006,341.7524822561356
coaches-and-buses,PRT,2007,351.1685178613868
coaches-and-buses,PRT,2008,353.3086200210641
coaches-and-buses,PRT,2009,354.8856437154612
coaches-and-buses,PRT,2010,368.4598943598304
coaches-and-buses,PRT,2011,369.7689025364422
coaches-and-buses,PRT,2012,305.478722644807
coaches-and-buses,PRT,2013,293.88843217226986
coaches-and-buses,PRT,2014,356.8716123156411
coaches-and-buses,PRT,2015,359.65
coaches-and-buses,PRT,2016,393.1318492685928
coaches-and-buses,PRT,2017,401.60807891004265
coaches-and-buses,PRT,2018,409.0233133521913
coaches-and-buses,ROU,2000,820.4555673085046
coaches-and-buses,ROU,2001,903.3080921207588
coaches-and-buses,ROU,2002,850.5048296009172
coaches-and-buses,ROU,2003,973.897283338393
coaches-and-buses,ROU,2004,1115.8560534235255
coaches-and-buses,ROU,2005,1121.9951138210386
coaches-and-buses,ROU,2006,1015.8370370193386
coaches-and-buses,ROU,2007,1198.0122064317577
coaches-and-buses,ROU,2008,1633.0000000000002
coaches-and-buses,ROU,2009,1658.9999999999998
coaches-and-buses,ROU,2010,1690.0
coaches-and-buses,ROU,2011,1757.0000000000002
coaches-and-buses,ROU,2012,1827.0
coaches-and-buses,ROU,2013,1900.0
coaches-and-buses,ROU,2014,1976.0000000000005
coaches-and-buses,ROU,2015,2053.9999999999995
coaches-and-buses,ROU,2016,2473.7278691105266
coaches-and-buses,ROU,2017,2702.5438279229074
coaches-and-buses,ROU,2018,2855.179543077597
coaches-and-buses,SRB,2000,253.1853678199138
coaches-and-buses,SRB,2001,495.850796950281
coaches-and-buses,SRB,2002,696.9258347648514
coaches-and-buses,SRB,2003,647.3925778245031
coaches-and-buses,SRB,2004,574.948018411688
coaches-and-buses,SRB,2005,440.2450370863681
coaches-and-buses,SRB,2006,429.8501299991127
coaches-and-buses,SRB,2007,503.8703985169
coaches-and-buses,SRB,2008,474.3092417852145
coaches-and-buses,SRB,2009,427.4856988862477
coaches-and-buses,SRB,2010,478.69599379276417
coaches-and-buses,SRB,2011,446.2423862318703
coaches-and-buses,SRB,2012,411.7015127862412
coaches-and-buses,SRB,2013,496.52430100060417
coaches-and-buses,SRB,2014,489.0132079906734
coaches-and-buses,SRB,2015,462.58813505369767
coaches-and-buses,SRB,2016,488.7982646388862
coaches-and-buses,SRB,2017,523.9400540560273
coaches-and-buses,SRB,2018,546.6420818982557
coaches-and-buses,SVK,2000,300.2
coaches-and-buses,SVK,2001,294.2
coaches-and-buses,SVK,2002,289.9
coaches-and-buses,SVK,2003,303.07121666130826
coaches-and-buses,SVK,2004,283.2
coaches-and-buses,SVK,2005,271.5
coaches-and-buses,SVK,2006,279.0
coaches-and-buses,SVK,2007,339.0
coaches-and-buses,SVK,2008,335.0
coaches-and-buses,SVK,2009,317.2
coaches-and-buses,SVK,2010,313.6000000000001
coaches-and-buses,SVK,2011,301.0
coaches-and-buses,SVK,2012,300.0
coaches-and-buses,SVK,2013,291.0724429722639
coaches-and-buses,SVK,2014,296.7361912187166
coaches-and-buses,SVK,2015,297.7186050486487
coaches-and-buses,SVK,2016,339.2222099154867
coaches-and-buses,SVK,2017,407.01682604754217
coaches-and-buses,SVK,2018,411.99109473449465
coaches-and-buses,SVN,2000,114.82440353280002
coaches-and-buses,SVN,2001,109.90395994692648
coaches-and-buses,SVN,2002,106.69071501717065
coaches-and-buses,SVN,2003,104.2326751623884
coaches-and-buses,SVN,2004,106.9189827279297
coaches-and-buses,SVN,2005,104.0
coaches-and-buses,SVN,2006,106.35881786552156
coaches-and-buses,SVN,2007,107.36046598383226
coaches-and-buses,SVN,2008,108.0
coaches-and-buses,SVN,2009,110.0
coaches-and-buses,SVN,2010,110.0
coaches-and-buses,SVN,2011,112.55839096891364
coaches-and-buses,SVN,2012,112.75977781983636
coaches-and-buses,SVN,2013,116.19327642415864
coaches-and-buses,SVN,2014,121.1091367148834
coaches-and-buses,SVN,2015,125.5718273466986
coaches-and-buses,SVN,2016,145.7151350491166
coaches-and-buses,SVN,2017,152.0467205919605
coaches-and-buses,SVN,2018,154.43894597491808
coaches-and-buses,SWE,2000,945.0
coaches-and-buses,SWE,2001,924.3271693789608
coaches-and-buses,SWE,2002,927.0
coaches-and-buses,SWE,2003,913.0
coaches-and-buses,SWE,2004,885.5856180619087
coaches-and-buses,SWE,2005,876.0
coaches-and-buses,SWE,2006,872.0000000000001
coaches-and-buses,SWE,2007,858.2753224832286
coaches-and-buses,SWE,2008,852.0
coaches-and-buses,SWE,2009,855.8329121481586
coaches-and-buses,SWE,2010,905.2099905152852
coaches-and-buses,SWE,2011,928.859592456639
coaches-and-buses,SWE,2012,966.0265751481533
coaches-and-buses,SWE,2013,970.0
coaches-and-buses,SWE,2014,969.0
coaches-and-buses,SWE,2015,983.0000000000002
coaches-and-buses,SWE,2016,768.6707567638131
coaches-and-buses,SWE,2017,731.5358734758212
coaches-and-buses,SWE,2018,718.9452966916296
heavy-duty-vehicles,ALB,2000,478.4333534327756
heavy-duty-vehicles,ALB,2001,513.6479387034333
heavy-duty-vehicles,ALB,2002,520.4063537676741
heavy-duty-vehicles,ALB,2003,540.2138195164707
heavy-duty-vehicles,ALB,2004,668.3863221077149
heavy-duty-vehicles,ALB,2005,663.5587737913122
heavy-duty-vehicles,ALB,2006,559.6379268999644
heavy-duty-vehicles,ALB,2007,621.2942699658706
heavy-duty-vehicles,ALB,2008,657.2297440130725
heavy-duty-vehicles,ALB,2009,587.0150751816136
heavy-duty-vehicles,ALB,2010,509.8717516711188
heavy-duty-vehicles,ALB,2011,515.5962300293002
heavy-duty-vehicles,ALB,2012,493.479273907918
heavy-duty-vehicles,ALB,2013,541.5671730625671
heavy-duty-vehicles,ALB,2014,510.60891416314223
heavy-duty-vehicles,ALB,2015,493.5320814533235
heavy-duty-vehicles,ALB,2016,499.1345244898277
heavy-duty-vehicles,ALB,2017,501.1802862023839
heavy-duty-vehicles,ALB,2018,495.71134697184937
heavy-duty-vehicles,AUT,2000,2627.7396530384985
heavy-duty-vehicles,AUT,2001,2697.5058418611115
heavy-duty-vehicles,AUT,2002,2743.395437337869
heavy-duty-vehicles,AUT,2003,2807.1054272400806
heavy-duty-vehicles,AUT,2004,2929.9637028204943
heavy-duty-vehicles,AUT,2005,2961.216154485837
heavy-duty-vehicles,AUT,2006,3281.77013155081
heavy-duty-vehicles,AUT,2007,3506.726598215102
heavy-duty-vehicles,AUT,2008,3716.255392817609
heavy-duty-vehicles,AUT,2009,3313.778895127169
heavy-duty-vehicles,AUT,2010,3369.895769508731
heavy-duty-vehicles,AUT,2011,3472.644621062561
heavy-duty-vehicles,AUT,2012,3388.1809579997325
heavy-duty-vehicles,AUT,2013,3443.718534581725
heavy-duty-vehicles,AUT,2014,3472.5059797913027
heavy-duty-vehicles,AUT,2015,3657.235313723426
heavy-duty-vehicles,AUT,2016,3931.104820243853
heavy-duty-vehicles,AUT,2017,4033.150159138981
heavy-duty-vehicles,AUT,2018,4056.635332806333
heavy-duty-vehicles,BEL,2000,3435.7628428970256
heavy-duty-vehicles,BEL,2001,3703.118109300676
heavy-duty-vehicles,BEL,2002,3813.651283243137
heavy-duty-vehicles,BEL,2003,3675.051074130644
heavy-duty-vehicles,BEL,2004,4014.7284812983407
heavy-duty-vehicles,BEL,2005,3920.917816473342
heavy-duty-vehicles,BEL,2006,3982.722744794292
heavy-duty-vehicles,BEL,2007,4013.646976996187
heavy-duty-vehicles,BEL,2008,3647.631134773295
heavy-duty-vehicles,BEL,2009,3485.4182033188304
heavy-duty-vehicles,BEL,2010,3491.2511081001485
heavy-duty-vehicles,BEL,2011,3539.036691732522
heavy-duty-vehicles,BEL,2012,3531.8961058408563
heavy-duty-vehicles,BEL,2013,3656.290912263632
heavy-duty-vehicles,BEL,2014,3724.821172042235
heavy-duty-vehicles,BEL,2015,3856.05297606317
heavy-duty-vehicles,BEL,2016,4010.3657194730263
heavy-duty-vehicles,BEL,2017,3923.1711971783134
heavy-duty-vehicles,BEL,2018,3841.70449947641
heavy-duty-vehicles,BGR,2000,632.3577344335805
heavy-duty-vehicles,BGR,2001,690.4582283778404
heavy-duty-vehicles,BGR,2002,705.4479617054361
heavy-duty-vehicles,BGR,2003,950.7289433699196
heavy-duty-vehicles,BGR,2004,1099.2389769334754
heavy-duty-vehicles,BGR,2005,1180.631825549659
heavy-duty-vehicles,BGR,2006,1267.6663220787923
heavy-duty-vehicles,BGR,2007,1183.8387974893735
heavy-duty-vehicles,BGR,2008,1247.9886253397665
heavy-duty-vehicles,BGR,2009,1099.191330483924
heavy-duty-vehicles,BGR,2010,1070.2688761060556
heavy-duty-vehicles,BGR,2011,1122.1448282640124
heavy-duty-vehicles,BGR,2012,1085.434845085931
heavy-duty-vehicles,BGR,2013,1176.249778041394
heavy-duty-vehicles,BGR,2014,1110.8958823427108
heavy-duty-vehicles,BGR,2015,1211.5059139369662
heavy-duty-vehicles,BGR,2016,1318.5360011001142
heavy-duty-vehicles,BGR,2017,1335.9877855463856
heavy-duty-vehicles,BGR,2018,1428.8899043673878
heavy-duty-vehicles,BIH,2000,832.4976986651494
heavy-duty-vehicles,BIH,2001,851.948372840709
heavy-duty-vehicles,BIH,2002,838.8596875391762
heavy-duty-vehicles,BIH,2003,746.4131839606908
heavy-duty-vehicles,BIH,2004,843.706356243094
heavy-duty-vehicles,BIH,2005,835.1731026894255
heavy-duty-vehicles,BIH,2006,816.3816627604293
heavy-duty-vehicles,BIH,2007,812.2432959599607
heavy-duty-vehicles,BIH,2008,777.5531725092275
heavy-duty-vehicles,BIH,2009,693.5418529604827
heavy-duty-vehicles,BIH,2010,618.254379220306
heavy-duty-vehicles,BIH,2011,602.5163387185571
heavy-duty-vehicles,BIH,2012,587.7512265396027
heavy-duty-vehicles,BIH,2013,613.681187937545
heavy-duty-vehicles,BIH,2014,555.8397103833826
heavy-duty-vehicles,BIH,2015,564.0564649966325
heavy-duty-vehicles,BIH,2016,639.4984704004853
heavy-duty-vehicles,BIH,2017,673.4796281324805
heavy-duty-vehicles,BIH,2018,692.8258912203066
heavy-duty-vehicles,CHE,2000,1140.036387164578
heavy-duty-vehicles,CHE,2001,1126.4077902211257
heavy-duty-vehicles,CHE,2002,1137.3664282752989
heavy-duty-vehicles,CHE,2003,1191.9808046426742
heavy-duty-vehicles,CHE,2004,1383.4741263454107
heavy-duty-vehicles,CHE,2005,1545.3420527263636
heavy-duty-vehicles,CHE,2006,1565.351270596696
heavy-duty-vehicles,CHE,2007,1751.7854813621611
heavy-duty-vehicles,CHE,2008,1999.07723191386
heavy-duty-vehicles,CHE,2009,1859.496868225934
heavy-duty-vehicles,CHE,2010,1903.9469515266
heavy-duty-vehicles,CHE,2011,1907.2332152927215
heavy-duty-vehicles,CHE,2012,1870.266184754842
heavy-duty-vehicles,CHE,2013,1986.3566602551127
heavy-duty-vehicles,CHE,2014,2027.94081852772
heavy-duty-vehicles,CHE,2015,1979.5355054407376
heavy-duty-vehicles,CHE,2016,2022.5641059738489
heavy-duty-vehicles,CHE,2017,2044.955440057732
heavy-duty-vehicles,CHE,2018,2098.974922037324
heavy-duty-vehicles,CYP,2000,148.0715396578538
heavy-duty-vehicles,CYP,2001,149.6189735614308
heavy-duty-vehicles,CYP,2002,149.0
heavy-duty-vehicles,CYP,2003,161.0
heavy-duty-vehicles,CYP,2004,132.0
heavy-duty-vehicles,CYP,2005,169.0
heavy-duty-vehicles,CYP,2006,138.0
heavy-duty-vehicles,CYP,2007,144.0
heavy-duty-vehicles,CYP,2008,159.0
heavy-duty-vehicles,CYP,2009,119.0
heavy-duty-vehicles,CYP,2010,133.0
heavy-duty-vehicles,CYP,2011,115.0
heavy-duty-vehicles,CYP,2012,106.0
heavy-duty-vehicles,CYP,2013,76.0
heavy-duty-vehicles,CYP,2014,66.0
heavy-duty-vehicles,CYP,2015,65.0
heavy-duty-vehicles,CYP,2016,78.56880936903657
heavy-duty-vehicles,CYP,2017,84.3701212004575
heavy-duty-vehicles,CYP,2018,87.31733031595515
heavy-duty-vehicles,CZE,2000,2361.846480877439
heavy-duty-vehicles,CZE,2001,2657.212095779208
heavy-duty-vehicles,CZE,2002,2947.710852413186
heavy-duty-vehicles,CZE,2003,3323.887826642339
heavy-duty-vehicles,CZE,2004,3694.896283816303
heavy-duty-vehicles,CZE,2005,4143.203949414962
heavy-duty-vehicles,CZE,2006,4084.716016881848
heavy-duty-vehicles,CZE,2007,4077.092297953025
heavy-duty-vehicles,CZE,2008,3878.274388249038
heavy-duty-vehicles,CZE,2009,3354.216621307768
heavy-duty-vehicles,CZE,2010,3409.3424351324693
heavy-duty-vehicles,CZE,2011,3463.096839805192
heavy-duty-vehicles,CZE,2012,3359.909775088745
heavy-duty-vehicles,CZE,2013,3583.57811218583
heavy-duty-vehicles,CZE,2014,3773.603669981756
heavy-duty-vehicles,CZE,2015,4309.991857285535
heavy-duty-vehicles,CZE,2016,4859.206783324089
heavy-duty-vehicles,CZE,2017,5052.751448708465
heavy-duty-vehicles,CZE,2018,5111.121726843437
heavy-duty-vehicles,DEU,2000,31660.63587980289
heavy-duty-vehicles,DEU,2001,32101.186329784487
heavy-duty-vehicles,DEU,2002,31408.32233673762
heavy-duty-vehicles,DEU,2003,31177.550637443208
heavy-duty-vehicles,DEU,2004,32902.86425951567
heavy-duty-vehicles,DEU,2005,33169.243115759025
heavy-duty-vehicles,DEU,2006,34880.76028722187
heavy-duty-vehicles,DEU,2007,36392.57274346871
heavy-duty-vehicles,DEU,2008,37326.90033865324
heavy-duty-vehicles,DEU,2009,34739.12554079018
heavy-duty-vehicles,DEU,2010,35629.136994851135
heavy-duty-vehicles,DEU,2011,36840.14805172717
heavy-duty-vehicles,DEU,2012,36144.2908107944
heavy-duty-vehicles,DEU,2013,36707.25968201809
heavy-duty-vehicles,DEU,2014,37655.55802995808
heavy-duty-vehicles,DEU,2015,38261.90498961866
heavy-duty-vehicles,DEU,2016,39918.61575146412
heavy-duty-vehicles,DEU,2017,40597.13186055287
heavy-duty-vehicles,DEU,2018,41788.79035183615
heavy-duty-vehicles,DNK,2000,1699.3284876812145
heavy-duty-vehicles,DNK,2001,1756.5764089759864
heavy-duty-vehicles,DNK,2002,1752.1131311303084
heavy-duty-vehicles,DNK,2003,1856.6599399388824
heavy-duty-vehicles,DNK,2004,1843.7027907524
heavy-duty-vehicles,DNK,2005,1841.403481750732
heavy-duty-vehicles,DNK,2006,1941.58520433602
heavy-duty-vehicles,DNK,2007,2008.7788674501903
heavy-duty-vehicles,DNK,2008,2068.495876814336
heavy-duty-vehicles,DNK,2009,1782.627910245311
heavy-duty-vehicles,DNK,2010,1770.3551901860608
heavy-duty-vehicles,DNK,2011,1814.6500029841184
heavy-duty-vehicles,DNK,2012,1831.528706304966
heavy-duty-vehicles,DNK,2013,1871.057978766169
heavy-duty-vehicles,DNK,2014,1867.0083674051743
heavy-duty-vehicles,DNK,2015,1826.4732346614687
heavy-duty-vehicles,DNK,2016,2172.7744722145094
heavy-duty-vehicles,DNK,2017,2188.342867262399
heavy-duty-vehicles,DNK,2018,2256.610380770776
heavy-duty-vehicles,ESP,2000,12622.789802241115
heavy-duty-vehicles,ESP,2001,13639.826213557242
heavy-duty-vehicles,ESP,2002,15296.189247595605
heavy-duty-vehicles,ESP,2003,16145.942168046173
heavy-duty-vehicles,ESP,2004,18120.55576634978
heavy-duty-vehicles,ESP,2005,19187.22999304233
heavy-duty-vehicles,ESP,2006,19997.08796411774
heavy-duty-vehicles,ESP,2007,21347.268607929745
heavy-duty-vehicles,ESP,2008,19510.158135544563
heavy-duty-vehicles,ESP,2009,17252.591365556218
heavy-duty-vehicles,ESP,2010,16364.924468058633
heavy-duty-vehicles,ESP,2011,15895.192807583438
heavy-duty-vehicles,ESP,2012,15007.06041012648
heavy-duty-vehicles,ESP,2013,14477.176559000283
heavy-duty-vehicles,ESP,2014,14723.870864119068
heavy-duty-vehicles,ESP,2015,15586.247517704089
heavy-duty-vehicles,ESP,2016,17284.702503929755
heavy-duty-vehicles,ESP,2017,17618.693013057826
heavy-duty-vehicles,ESP,2018,17897.79009659068
heavy-duty-vehicles,EST,2000,144.05981990149394
heavy-duty-vehicles,EST,2001,126.67797570411436
heavy-duty-vehicles,EST,2002,158.9510503214566
heavy-duty-vehicles,EST,2003,229.529360896007
heavy-duty-vehicles,EST,2004,251.7265506506969
heavy-duty-vehicles,EST,2005,257.5520161028022
heavy-duty-vehicles,EST,2006,273.8518015863029
heavy-duty-vehicles,EST,2007,296.149917084452
heavy-duty-vehicles,EST,2008,296.1476116239391
heavy-duty-vehicles,EST,2009,219.0812380339085
heavy-duty-vehicles,EST,2010,205.66143209113292
heavy-duty-vehicles,EST,2011,231.67661897010956
heavy-duty-vehicles,EST,2012,227.84043262678117
heavy-duty-vehicles,EST,2013,244.34567320471365
heavy-duty-vehicles,EST,2014,232.55411675975137
heavy-duty-vehicles,EST,2015,247.33780613886773
heavy-duty-vehicles,EST,2016,301.1710220816948
heavy-duty-vehicles,EST,2017,307.4457119603365
heavy-duty-vehicles,EST,2018,310.00219071093125
heavy-duty-vehicles,FIN,2000,2220.882525875397
heavy-duty-vehicles,FIN,2001,2293.2055400796294
heavy-duty-vehicles,FIN,2002,2348.9046693867344
heavy-duty-vehicles,FIN,2003,2371.030174189355
heavy-duty-vehicles,FIN,2004,2397.9158449840484
heavy-duty-vehicles,FIN,2005,2469.903836317003
heavy-duty-vehicles,FIN,2006,2359.9470219140926
heavy-duty-vehicles,FIN,2007,2361.77670617245
heavy-duty-vehicles,FIN,2008,2454.735041825499
heavy-duty-vehicles,FIN,2009,2137.6483854481285
heavy-duty-vehicles,FIN,2010,2352.772487207068
heavy-duty-vehicles,FIN,2011,2193.599120256936
heavy-duty-vehicles,FIN,2012,1992.3219882439937
heavy-duty-vehicles,FIN,2013,2002.1401038497645
heavy-duty-vehicles,FIN,2014,1875.728141477218
heavy-duty-vehicles,FIN,2015,1707.5304949405784
heavy-duty-vehicles,FIN,2016,2102.3232413097426
heavy-duty-vehicles,FIN,2017,2105.054459428217
heavy-duty-vehicles,FIN,2018,2123.912854574673
heavy-duty-vehicles,FRA,2000,19958.573388314497
heavy-duty-vehicles,FRA,2001,20690.480744781536
heavy-duty-vehicles,FRA,2002,21026.36480424481
heavy-duty-vehicles,FRA,2003,21189.33263590915
heavy-duty-vehicles,FRA,2004,23213.631248876198
heavy-duty-vehicles,FRA,2005,23452.798695479083
heavy-duty-vehicles,FRA,2006,23856.158649757304
heavy-duty-vehicles,FRA,2007,24577.06350023129
heavy-duty-vehicles,FRA,2008,23330.9343032432
heavy-duty-vehicles,FRA,2009,20517.83291964091
heavy-duty-vehicles,FRA,2010,21328.314003136304
heavy-duty-vehicles,FRA,2011,21466.27456247921
heavy-duty-vehicles,FRA,2012,20256.92747831861
heavy-duty-vehicles,FRA,2013,20555.2005472206
heavy-duty-vehicles,FRA,2014,20392.974437888694
heavy-duty-vehicles,FRA,2015,19820.87592205165
heavy-duty-vehicles,FRA,2016,21933.63153853349
heavy-duty-vehicles,FRA,2017,21874.674674896956
heavy-duty-vehicles,FRA,2018,21220.181056733494
heavy-duty-vehicles,GBR,2000,17084.61709009584
heavy-duty-vehicles,GBR,2001,17843.611448581534
heavy-duty-vehicles,GBR,2002,18141.186057512477
heavy-duty-vehicles,GBR,2003,19081.59264871229
heavy-duty-vehicles,GBR,2004,19248.62147634281
heavy-duty-vehicles,GBR,2005,19698.244126305
heavy-duty-vehicles,GBR,2006,19871.033574971425
heavy-duty-vehicles,GBR,2007,20615.02818326061
heavy-duty-vehicles,GBR,2008,19340.72306640105
heavy-duty-vehicles,GBR,2009,17436.016785663767
heavy-duty-vehicles,GBR,2010,17285.204583501007
heavy-duty-vehicles,GBR,2011,18067.64834320575
heavy-duty-vehicles,GBR,2012,17598.80976636012
heavy-duty-vehicles,GBR,2013,17178.466643325362
heavy-duty-vehicles,GBR,2014,17431.55527295239
heavy-duty-vehicles,GBR,2015,18450.557564975494
heavy-duty-vehicles,GBR,2016,19999.66682848517
heavy-duty-vehicles,GBR,2017,20260.23883496518
heavy-duty-vehicles,GBR,2018,20110.842952885887
heavy-duty-vehicles,GRC,2000,2693.9324785386384
heavy-duty-vehicles,GRC,2001,2757.587463753239
heavy-duty-vehicles,GRC,2002,2819.744968811234
heavy-duty-vehicles,GRC,2003,1846.8768950834276
heavy-duty-vehicles,GRC,2004,3136.9791796362256
heavy-duty-vehicles,GRC,2005,2414.8605027752897
heavy-duty-vehicles,GRC,2006,2797.304057509198
heavy-duty-vehicles,GRC,2007,2732.8952790523867
heavy-duty-vehicles,GRC,2008,2961.254591106641
heavy-duty-vehicles,GRC,2009,2941.659762701394
heavy-duty-vehicles,GRC,2010,3032.919879570672
heavy-duty-vehicles,GRC,2011,2132.425457026097
heavy-duty-vehicles,GRC,2012,2052.4750453503675
heavy-duty-vehicles,GRC,2013,1929.480071323056
heavy-duty-vehicles,GRC,2014,2008.0222713404987
heavy-duty-vehicles,GRC,2015,2111.097812700382
heavy-duty-vehicles,GRC,2016,2383.19761266661
heavy-duty-vehicles,GRC,2017,2399.030897109736
heavy-duty-vehicles,GRC,2018,2467.771389278836
heavy-duty-vehicles,HRV,2000,513.070728854101
heavy-duty-vehicles,HRV,2001,661.5454434642674
heavy-duty-vehicles,HRV,2002,782.4755253599544
heavy-duty-vehicles,HRV,2003,865.1675148840652
heavy-duty-vehicles,HRV,2004,955.9779321046178
heavy-duty-vehicles,HRV,2005,971.2435363283704
heavy-duty-vehicles,HRV,2006,1042.6145469350545
heavy-duty-vehicles,HRV,2007,1042.412741564356
heavy-duty-vehicles,HRV,2008,994.0508789322494
heavy-duty-vehicles,HRV,2009,846.5481572713045
heavy-duty-vehicles,HRV,2010,806.2886076746522
heavy-duty-vehicles,HRV,2011,800.6049637212022
heavy-duty-vehicles,HRV,2012,756.9886709376271
heavy-duty-vehicles,HRV,2013,776.3495249973882
heavy-duty-vehicles,HRV,2014,752.3307571429002
heavy-duty-vehicles,HRV,2015,798.3603516741252
heavy-duty-vehicles,HRV,2016,928.6296742858676
heavy-duty-vehicles,HRV,2017,1036.2139609305584
heavy-duty-vehicles,HRV,2018,1018.2162851500004
heavy-duty-vehicles,HUN,2000,1738.8056898082618
heavy-duty-vehicles,HUN,2001,1773.9073061857137
heavy-duty-vehicles,HUN,2002,1756.2331648266422
heavy-duty-vehicles,HUN,2003,1759.5890254618098
heavy-duty-vehicles,HUN,2004,1928.296617852064
heavy-duty-vehicles,HUN,2005,2355.3496031213267
heavy-duty-vehicles,HUN,2006,2538.6477861705343
heavy-duty-vehicles,HUN,2007,2710.970862928737
heavy-duty-vehicles,HUN,2008,2705.2442168365005
heavy-duty-vehicles,HUN,2009,2510.882985343267
heavy-duty-vehicles,HUN,2010,2148.312158935543
heavy-duty-vehicles,HUN,2011,2102.079793803492
heavy-duty-vehicles,HUN,2012,1926.300527593736
heavy-duty-vehicles,HUN,2013,1952.2269457419784
heavy-duty-vehicles,HUN,2014,1990.927554433029
heavy-duty-vehicles,HUN,2015,2085.6120378186624
heavy-duty-vehicles,HUN,2016,2420.698230882469
heavy-duty-vehicles,HUN,2017,2563.1757368553463
heavy-duty-vehicles,HUN,2018,2758.4938010004234
heavy-duty-vehicles,IRL,2000,1920.34013463344
heavy-duty-vehicles,IRL,2001,1962.8220003507545
heavy-duty-vehicles,IRL,2002,2235.2538100348847
heavy-duty-vehicles,IRL,2003,2356.127356497861
heavy-duty-vehicles,IRL,2004,2586.3608568156724
heavy-duty-vehicles,IRL,2005,2809.8874504415526
heavy-duty-vehicles,IRL,2006,2798.7604553558403
heavy-duty-vehicles,IRL,2007,2937.2679845467887
heavy-duty-vehicles,IRL,2008,2705.7446442892265
heavy-duty-vehicles,IRL,2009,1899.773488859115
heavy-duty-vehicles,IRL,2010,1841.0300415542772
heavy-duty-vehicles,IRL,2011,1749.3624153485766
heavy-duty-vehicles,IRL,2012,1711.0919301036058
heavy-duty-vehicles,IRL,2013,1685.539986888609
heavy-duty-vehicles,IRL,2014,1715.804758282581
heavy-duty-vehicles,IRL,2015,1724.7132773190665
heavy-duty-vehicles,IRL,2016,2017.7547022379504
heavy-duty-vehicles,IRL,2017,2050.9685073296328
heavy-duty-vehicles,IRL,2018,2145.244824416905
heavy-duty-vehicles,ITA,2000,11600.734122882744
heavy-duty-vehicles,ITA,2001,11349.430914102722
heavy-duty-vehicles,ITA,2002,11412.218599293456
heavy-duty-vehicles,ITA,2003,11166.056955803457
heavy-duty-vehicles,ITA,2004,13185.444103376503
heavy-duty-vehicles,ITA,2005,13588.368323877898
heavy-duty-vehicles,ITA,2006,11976.454805388708
heavy-duty-vehicles,ITA,2007,12184.98720738887
heavy-duty-vehicles,ITA,2008,12001.964083198878
heavy-duty-vehicles,ITA,2009,11606.673008351469
heavy-duty-vehicles,ITA,2010,11995.24594831757
heavy-duty-vehicles,ITA,2011,10229.054085734278
heavy-duty-vehicles,ITA,2012,9192.369289697628
heavy-duty-vehicles,ITA,2013,9463.546147413848
heavy-duty-vehicles,ITA,2014,9043.080128131269
heavy-duty-vehicles,ITA,2015,8958.184502141452
heavy-duty-vehicles,ITA,2016,9737.349953233796
heavy-duty-vehicles,ITA,2017,9296.07640370154
heavy-duty-vehicles,ITA,2018,9733.156589027927
heavy-duty-vehicles,LTU,2000,453.32607434632
heavy-duty-vehicles,LTU,2001,457.2617350709613
heavy-duty-vehicles,LTU,2002,463.2678332405131
heavy-duty-vehicles,LTU,2003,562.2071398242194
heavy-duty-vehicles,LTU,2004,577.2622251467311
heavy-duty-vehicles,LTU,2005,543.1874069783937
heavy-duty-vehicles,LTU,2006,600.2345373671111
heavy-duty-vehicles,LTU,2007,669.8154586396885
heavy-duty-vehicles,LTU,2008,601.831493426707
heavy-duty-vehicles,LTU,2009,557.0082905898171
heavy-duty-vehicles,LTU,2010,520.1893166787657
heavy-duty-vehicles,LTU,2011,552.2362518582709
heavy-duty-vehicles,LTU,2012,615.8780838820585
heavy-duty-vehicles,LTU,2013,685.7213620877701
heavy-duty-vehicles,LTU,2014,703.4933703842488
heavy-duty-vehicles,LTU,2015,721.7831930358205
heavy-duty-vehicles,LTU,2016,803.2550125021692
heavy-duty-vehicles,LTU,2017,857.8531503869842
heavy-duty-vehicles,LTU,2018,915.3660648996912
heavy-duty-vehicles,LUX,2000,135.30947693428712
heavy-duty-vehicles,LUX,2001,148.9643242950176
heavy-duty-vehicles,LUX,2002,164.7216993181799
heavy-duty-vehicles,LUX,2003,164.30434648529453
heavy-duty-vehicles,LUX,2004,174.09697514800249
heavy-duty-vehicles,LUX,2005,172.1843441453533
heavy-duty-vehicles,LUX,2006,177.00323584198472
heavy-duty-vehicles,LUX,2007,183.0364842426645
heavy-duty-vehicles,LUX,2008,191.8981286172444
heavy-duty-vehicles,LUX,2009,152.07392656512224
heavy-duty-vehicles,LUX,2010,160.83965433296868
heavy-duty-vehicles,LUX,2011,163.54357456738808
heavy-duty-vehicles,LUX,2012,210.8047904813742
heavy-duty-vehicles,LUX,2013,191.2487620306676
heavy-duty-vehicles,LUX,2014,224.05367359247708
heavy-duty-vehicles,LUX,2015,203.7266211350169
heavy-duty-vehicles,LUX,2016,200.05187477127964
heavy-duty-vehicles,LUX,2017,204.2393564267563
heavy-duty-vehicles,LUX,2018,216.8705520117209
heavy-duty-vehicles,LVA,2000,328.6048697995695
heavy-duty-vehicles,LVA,2001,395.1229729330527
heavy-duty-vehicles,LVA,2002,464.14231074886527
heavy-duty-vehicles,LVA,2003,521.2911626297429
heavy-duty-vehicles,LVA,2004,507.2695154754029
heavy-duty-vehicles,LVA,2005,563.4865525274876
heavy-duty-vehicles,LVA,2006,583.2697605164002
heavy-duty-vehicles,LVA,2007,687.3564968637079
heavy-duty-vehicles,LVA,2008,646.9017737659037
heavy-duty-vehicles,LVA,2009,598.9624849386329
heavy-duty-vehicles,LVA,2010,530.0083239828917
heavy-duty-vehicles,LVA,2011,460.16704821623256
heavy-duty-vehicles,LVA,2012,408.8510704489152
heavy-duty-vehicles,LVA,2013,444.831428167756
heavy-duty-vehicles,LVA,2014,441.2738893414388
heavy-duty-vehicles,LVA,2015,466.9778572588656
heavy-duty-vehicles,LVA,2016,553.2758556401711
heavy-duty-vehicles,LVA,2017,604.4698778084771
heavy-duty-vehicles,LVA,2018,626.1409285803794
heavy-duty-vehicles,MKD,2000,221.2537502716171
heavy-duty-vehicles,MKD,2001,220.10265573680653
heavy-duty-vehicles,MKD,2002,204.6010885808761
heavy-duty-vehicles,MKD,2003,180.2750179819497
heavy-duty-vehicles,MKD,2004,246.1733564357159
heavy-duty-vehicles,MKD,2005,220.99794858275112
heavy-duty-vehicles,MKD,2006,215.0538497250216
heavy-duty-vehicles,MKD,2007,237.53863803102985
heavy-duty-vehicles,MKD,2008,231.8876956736777
heavy-duty-vehicles,MKD,2009,224.2326988816733
heavy-duty-vehicles,MKD,2010,216.84204573970368
heavy-duty-vehicles,MKD,2011,226.61500004861043
heavy-duty-vehicles,MKD,2012,232.0656485801455
heavy-duty-vehicles,MKD,2013,281.17202971776453
heavy-duty-vehicles,MKD,2014,273.9250304884017
heavy-duty-vehicles,MKD,2015,302.57205510636925
heavy-duty-vehicles,MKD,2016,354.1876796799662
heavy-duty-vehicles,MKD,2017,372.3096325557042
heavy-duty-vehicles,MKD,2018,371.08085783063314
heavy-duty-vehicles,MLT,2000,300.892299539841
heavy-duty-vehicles,MLT,2001,280.3783334587175
heavy-duty-vehicles,MLT,2002,88.27597434168825
heavy-duty-vehicles,MLT,2003,203.5935842043211
heavy-duty-vehicles,MLT,2004,330.95031742019484
heavy-duty-vehicles,MLT,2005,163.17476178757755
heavy-duty-vehicles,MLT,2006,152.2682256127572
heavy-duty-vehicles,MLT,2007,177.22768550054144
heavy-duty-vehicles,MLT,2008,184.3246941628113
heavy-duty-vehicles,MLT,2009,181.8273372379172
heavy-duty-vehicles,MLT,2010,143.33700000000002
heavy-duty-vehicles,MLT,2011,134.1043635735929
heavy-duty-vehicles,MLT,2012,123.36199578186314
heavy-duty-vehicles,MLT,2013,123.99259417613584
heavy-duty-vehicles,MLT,2014,118.2316609358635
heavy-duty-vehicles,MLT,2015,112.42945342395574
heavy-duty-vehicles,MLT,2016,121.48738360671878
heavy-duty-vehicles,MLT,2017,129.12217063721124
heavy-duty-vehicles,MLT,2018,156.0162246321759
heavy-duty-vehicles,MNE,2000,105.47187902185772
heavy-duty-vehicles,MNE,2001,107.93614908149586
heavy-duty-vehicles,MNE,2002,106.27790037415174
heavy-duty-vehicles,MNE,2003,94.56554794716249
heavy-duty-vehicles,MNE,2004,106.89194081656773
heavy-duty-vehicles,MNE,2005,105.8108347811775
heavy-duty-vehicles,MNE,2006,100.29584027383416
heavy-duty-vehicles,MNE,2007,148.6416850303719
heavy-duty-vehicles,MNE,2008,144.28345949930872
heavy-duty-vehicles,MNE,2009,121.59387209565
heavy-duty-vehicles,MNE,2010,129.7566116597146
heavy-duty-vehicles,MNE,2011,127.25857704291724
heavy-duty-vehicles,MNE,2012,118.87486941165696
heavy-duty-vehicles,MNE,2013,101.42111618631743
heavy-duty-vehicles,MNE,2014,84.67897521745705
heavy-duty-vehicles,MNE,2015,97.81304113932254
heavy-duty-vehicles,MNE,2016,117.2308455576056
heavy-duty-vehicles,MNE,2017,129.13755719147295
heavy-duty-vehicles,MNE,2018,142.10892917412312
heavy-duty-vehicles,NLD,2000,5870.88194599025
heavy-duty-vehicles,NLD,2001,5863.090139112452
heavy-duty-vehicles,NLD,2002,6142.679339728509
heavy-duty-vehicles,NLD,2003,6349.102199910808
heavy-duty-vehicles,NLD,2004,6410.569719978481
heavy-duty-vehicles,NLD,2005,6414.290351848061
heavy-duty-vehicles,NLD,2006,6456.366696223011
heavy-duty-vehicles,NLD,2007,6222.12605404941
heavy-duty-vehicles,NLD,2008,6247.250535762772
heavy-duty-vehicles,NLD,2009,6116.4830212130655
heavy-duty-vehicles,NLD,2010,5443.673732753487
heavy-duty-vehicles,NLD,2011,5551.660576668318
heavy-duty-vehicles,NLD,2012,5298.750646036481
heavy-duty-vehicles,NLD,2013,5431.786366311562
heavy-duty-vehicles,NLD,2014,5554.873557452186
heavy-duty-vehicles,NLD,2015,5658.85140144436
heavy-duty-vehicles,NLD,2016,6092.352759330703
heavy-duty-vehicles,NLD,2017,6212.752994348844
heavy-duty-vehicles,NLD,2018,6289.46033197285
heavy-duty-vehicles,NOR,2000,1599.705026981212
heavy-duty-vehicles,NOR,2001,1666.4082346777936
heavy-duty-vehicles,NOR,2002,1720.9732674499712
heavy-duty-vehicles,NOR,2003,1700.3287134517198
heavy-duty-vehicles,NOR,2004,1737.2416455130156
heavy-duty-vehicles,NOR,2005,1751.071065478051
heavy-duty-vehicles,NOR,2006,1903.7618432752288
heavy-duty-vehicles,NOR,2007,2022.709957124956
heavy-duty-vehicles,NOR,2008,2036.964981741875
heavy-duty-vehicles,NOR,2009,1906.7656979515305
heavy-duty-vehicles,NOR,2010,1993.369534588542
heavy-duty-vehicles,NOR,2011,1918.406425182813
heavy-duty-vehicles,NOR,2012,1903.26953598634
heavy-duty-vehicles,NOR,2013,2133.9613593549743
heavy-duty-vehicles,NOR,2014,2355.643069992176
heavy-duty-vehicles,NOR,2015,2078.393980371607
heavy-duty-vehicles,NOR,2016,2157.780424021727
heavy-duty-vehicles,NOR,2017,2103.348587081175
heavy-duty-vehicles,NOR,2018,2078.6672877329424
heavy-duty-vehicles,POL,2000,6313.26435475488
heavy-duty-vehicles,POL,2001,6555.278143707245
heavy-duty-vehicles,POL,2002,6858.058163351061
heavy-duty-vehicles,POL,2003,7275.325293890392
heavy-duty-vehicles,POL,2004,8436.295201046361
heavy-duty-vehicles,POL,2005,8835.559995554944
heavy-duty-vehicles,POL,2006,9132.526741760374
heavy-duty-vehicles,POL,2007,9757.395511147355
heavy-duty-vehicles,POL,2008,10483.600868327969
heavy-duty-vehicles,POL,2009,11345.77391073362
heavy-duty-vehicles,POL,2010,12231.659594506002
heavy-duty-vehicles,POL,2011,13370.475960781692
heavy-duty-vehicles,POL,2012,13471.317644775869
heavy-duty-vehicles,POL,2013,14603.615879846406
heavy-duty-vehicles,POL,2014,14475.956868689278
heavy-duty-vehicles,POL,2015,15402.463901652816
heavy-duty-vehicles,POL,2016,20489.030697779857
heavy-duty-vehicles,POL,2017,24511.66699430446
heavy-duty-vehicles,POL,2018,25551.080456892887
heavy-duty-vehicles,PRT,2000,1839.755506374384
heavy-duty-vehicles,PRT,2001,2099.3346154738874
heavy-duty-vehicles,PRT,2002,1972.719887815232
heavy-duty-vehicles,PRT,2003,1942.0464546630465
heavy-duty-vehicles,PRT,2004,2381.966803788292
heavy-duty-vehicles,PRT,2005,2477.144315947752
heavy-duty-vehicles,PRT,2006,2499.619382257116
heavy-duty-vehicles,PRT,2007,2599.299109453465
heavy-duty-vehicles,PRT,2008,2462.9350302679068
heavy-duty-vehicles,PRT,2009,2206.0609655833523
heavy-duty-vehicles,PRT,2010,2240.5219633426736
heavy-duty-vehicles,PRT,2011,2184.516048227752
heavy-duty-vehicles,PRT,2012,1738.9712243113177
heavy-duty-vehicles,PRT,2013,1650.933022044279
heavy-duty-vehicles,PRT,2014,1586.9083056750374
heavy-duty-vehicles,PRT,2015,1781.6611768613272
heavy-duty-vehicles,PRT,2016,1954.2362994625128
heavy-duty-vehicles,PRT,2017,1990.665453921697
heavy-duty-vehicles,PRT,2018,2014.68537364172
heavy-duty-vehicles,ROU,2000,1387.9911728110526
heavy-duty-vehicles,ROU,2001,1485.7872514345645
heavy-duty-vehicles,ROU,2002,1544.878748027949
heavy-duty-vehicles,ROU,2003,1746.507049540959
heavy-duty-vehicles,ROU,2004,1948.3009665270708
heavy-duty-vehicles,ROU,2005,2310.934050986524
heavy-duty-vehicles,ROU,2006,2302.585967907453
heavy-duty-vehicles,ROU,2007,2305.918804183268
heavy-duty-vehicles,ROU,2008,2147.489946484653
heavy-duty-vehicles,ROU,2009,1759.4677528921743
heavy-duty-vehicles,ROU,2010,1065.2377531303027
heavy-duty-vehicles,ROU,2011,1072.137614967328
heavy-duty-vehicles,ROU,2012,1170.398181916425
heavy-duty-vehicles,ROU,2013,1204.1320801529016
heavy-duty-vehicles,ROU,2014,1172.581633739428
heavy-duty-vehicles,ROU,2015,1169.6291091776984
heavy-duty-vehicles,ROU,2016,1408.6025814881932
heavy-duty-vehicles,ROU,2017,1538.9841790655482
heavy-duty-vehicles,ROU,2018,1626.1324971553431
heavy-duty-vehicles,SRB,2000,499.4703822127304
heavy-duty-vehicles,SRB,2001,1080.2574934147713
heavy-duty-vehicles,SRB,2002,1553.86334036936
heavy-duty-vehicles,SRB,2003,1501.8161883104376
heavy-duty-vehicles,SRB,2004,1580.7697814624776
heavy-duty-vehicles,SRB,2005,1252.1407981978214
heavy-duty-vehicles,SRB,2006,1318.2860040519347
heavy-duty-vehicles,SRB,2007,1496.4463120339135
heavy-duty-vehicles,SRB,2008,1372.382996648647
heavy-duty-vehicles,SRB,2009,1158.8139748318702
heavy-duty-vehicles,SRB,2010,1089.6840368793498
heavy-duty-vehicles,SRB,2011,963.531119204361
heavy-duty-vehicles,SRB,2012,848.8457217086843
heavy-duty-vehicles,SRB,2013,1069.336319217752
heavy-duty-vehicles,SRB,2014,1000.7664964147096
heavy-duty-vehicles,SRB,2015,963.8984116724856
heavy-duty-vehicles,SRB,2016,1020.3305086549708
heavy-duty-vehicles,SRB,2017,1095.6890870602106
heavy-duty-vehicles,SRB,2018,1127.051241061521
heavy-duty-vehicles,SVK,2000,639.0896668698334
heavy-duty-vehicles,SVK,2001,690.0117255394049
heavy-duty-vehicles,SVK,2002,927.2864925060384
heavy-duty-vehicles,SVK,2003,972.1907508964176
heavy-duty-vehicles,SVK,2004,1097.0606318031794
heavy-duty-vehicles,SVK,2005,1168.9702988716012
heavy-duty-vehicles,SVK,2006,1291.7716814957016
heavy-duty-vehicles,SVK,2007,1466.822666442191
heavy-duty-vehicles,SVK,2008,1711.829801819786
heavy-duty-vehicles,SVK,2009,1494.9993626185408
heavy-duty-vehicles,SVK,2010,1845.7920700792536
heavy-duty-vehicles,SVK,2011,1874.7488916012344
heavy-duty-vehicles,SVK,2012,1793.1316557360806
heavy-duty-vehicles,SVK,2013,1779.5753011390088
heavy-duty-vehicles,SVK,2014,1936.663765295886
heavy-duty-vehicles,SVK,2015,1873.8706439586133
heavy-duty-vehicles,SVK,2016,2232.7985254063683
heavy-duty-vehicles,SVK,2017,2687.980506087135
heavy-duty-vehicles,SVK,2018,2723.428889110864
heavy-duty-vehicles,SVN,2000,504.38958989855416
heavy-duty-vehicles,SVN,2001,524.4593696943866
heavy-duty-vehicles,SVN,2002,580.8761940373113
heavy-duty-vehicles,SVN,2003,608.5298213083325
heavy-duty-vehicles,SVN,2004,754.7944105839701
heavy-duty-vehicles,SVN,2005,780.8186760208903
heavy-duty-vehicles,SVN,2006,807.4960763786858
heavy-duty-vehicles,SVN,2007,845.382072625225
heavy-duty-vehicles,SVN,2008,845.6387727586691
heavy-duty-vehicles,SVN,2009,739.8110474154389
heavy-duty-vehicles,SVN,2010,734.9317703648113
heavy-duty-vehicles,SVN,2011,716.0170869721026
heavy-duty-vehicles,SVN,2012,691.3781236965831
heavy-duty-vehicles,SVN,2013,673.6506881553896
heavy-duty-vehicles,SVN,2014,697.976698282804
heavy-duty-vehicles,SVN,2015,721.7304070784138
heavy-duty-vehicles,SVN,2016,834.6953427556064
heavy-duty-vehicles,SVN,2017,867.481384860025
heavy-duty-vehicles,SVN,2018,880.8478506365909
heavy-duty-vehicles,SWE,2000,2821.5564918708637
heavy-duty-vehicles,SWE,2001,2817.533565884668
heavy-duty-vehicles,SWE,2002,2873.789476089053
heavy-duty-vehicles,SWE,2003,2819.688907796188
heavy-duty-vehicles,SWE,2004,2959.401797458534
heavy-duty-vehicles,SWE,2005,3158.376912414941
heavy-duty-vehicles,SWE,2006,3207.6891936492657
heavy-duty-vehicles,SWE,2007,3348.4595962544954
heavy-duty-vehicles,SWE,2008,3398.843097210171
heavy-duty-vehicles,SWE,2009,3062.139957160389
heavy-duty-vehicles,SWE,2010,3175.9739553060303
heavy-duty-vehicles,SWE,2011,3097.0212464293595
heavy-duty-vehicles,SWE,2012,2901.263335007251
heavy-duty-vehicles,SWE,2013,2982.6028912698075
heavy-duty-vehicles,SWE,2014,3532.1062605132265
heavy-duty-vehicles,SWE,2015,3612.023390459298
heavy-duty-vehicles,SWE,2016,3277.072469898457
heavy-duty-vehicles,SWE,2017,3266.782403148696
heavy-duty-vehicles,SWE,2018,3229.0823091785605
light-duty-vehicles,ALB,2000,739.8037442998493
light-duty-vehicles,ALB,2001,752.6316366153306
light-duty-vehicles,ALB,2002,808.1241666647566
light-duty-vehicles,ALB,2003,898.4121753154963
light-duty-vehicles,ALB,2004,1002.8082289180236
light-duty-vehicles,ALB,2005,1001.50490705707
light-duty-vehicles,ALB,2006,896.2888724605866
light-duty-vehicles,ALB,2007,997.6856672464276
light-duty-vehicles,ALB,2008,1069.3751134125607
light-duty-vehicles,ALB,2009,1076.387421347873
light-duty-vehicles,ALB,2010,1140.006520592799
light-duty-vehicles,ALB,2011,1219.949134490539
light-duty-vehicles,ALB,2012,1192.326129435345
light-duty-vehicles,ALB,2013,1390.7484521738386
light-duty-vehicles,ALB,2014,1400.261462096915
light-duty-vehicles,ALB,2015,1495.072633400524
light-duty-vehicles,ALB,2016,1509.6070041553153
light-duty-vehicles,ALB,2017,1513.761299491029
light-duty-vehicles,ALB,2018,1500.5978176981455
light-duty-vehicles,AUT,2000,4313.988905461085
light-duty-vehicles,AUT,2001,4491.406835741338
light-duty-vehicles,AUT,2002,4557.943776487439
light-duty-vehicles,AUT,2003,4647.2140156565565
light-duty-vehicles,AUT,2004,4757.396218843029
light-duty-vehicles,AUT,2005,4978.8504152106725
light-duty-vehicles,AUT,2006,5256.567964386444
light-duty-vehicles,AUT,2007,5488.7783742225865
light-duty-vehicles,AUT,2008,5466.47721924048
light-duty-vehicles,AUT,2009,5462.069392172238
light-duty-vehicles,AUT,2010,5535.346167364349
light-duty-vehicles,AUT,2011,5678.784766898816
light-duty-vehicles,AUT,2012,5712.104003246073
light-duty-vehicles,AUT,2013,5778.88987726782
light-duty-vehicles,AUT,2014,5905.238434683053
light-duty-vehicles,AUT,2015,6062.513985824118
light-duty-vehicles,AUT,2016,6476.972618195367
light-duty-vehicles,AUT,2017,6635.4061996181645
light-duty-vehicles,AUT,2018,6677.319006986328
light-duty-vehicles,BEL,2000,7591.099757803934
light-duty-vehicles,BEL,2001,8149.386658505371
light-duty-vehicles,BEL,2002,8725.377084207832
light-duty-vehicles,BEL,2003,9200.179641021015
light-duty-vehicles,BEL,2004,10271.19348189666
light-duty-vehicles,BEL,2005,10779.662305249807
light-duty-vehicles,BEL,2006,11221.269611014355
light-duty-vehicles,BEL,2007,11926.195081136108
light-duty-vehicles,BEL,2008,12233.43232269759
light-duty-vehicles,BEL,2009,12261.524426853686
light-duty-vehicles,BEL,2010,12322.535265545495
light-duty-vehicles,BEL,2011,12184.62127548344
light-duty-vehicles,BEL,2012,12000.13019750171
light-duty-vehicles,BEL,2013,11406.852596539937
light-duty-vehicles,BEL,2014,11869.878816727269
light-duty-vehicles,BEL,2015,12705.486178222582
light-duty-vehicles,BEL,2016,13232.704321150346
light-duty-vehicles,BEL,2017,12952.67036256101
light-duty-vehicles,BEL,2018,12736.334894230406
light-duty-vehicles,BGR,2000,1270.923908219636
light-duty-vehicles,BGR,2001,1230.9649982821816
light-duty-vehicles,BGR,2002,1260.2757324625586
light-duty-vehicles,BGR,2003,1392.021032761014
light-duty-vehicles,BGR,2004,1646.022529997785
light-duty-vehicles,BGR,2005,1548.1705477836867
light-duty-vehicles,BGR,2006,1733.6605126193367
light-duty-vehicles,BGR,2007,1925.3293711333088
light-duty-vehicles,BGR,2008,2085.1230775075546
light-duty-vehicles,BGR,2009,2089.7357972363707
light-duty-vehicles,BGR,2010,2069.625217373156
light-duty-vehicles,BGR,2011,2305.9695661643577
light-duty-vehicles,BGR,2012,2446.3211657013017
light-duty-vehicles,BGR,2013,2453.724076729208
light-duty-vehicles,BGR,2014,2578.9268698366004
light-duty-vehicles,BGR,2015,2897.118490669205
light-duty-vehicles,BGR,2016,3138.807219448473
light-duty-vehicles,BGR,2017,3181.70892369704
light-duty-vehicles,BGR,2018,3386.882686281292
light-duty-vehicles,BIH,2000,1300.0376752068005
light-duty-vehicles,BIH,2001,1269.4925325567765
light-duty-vehicles,BIH,2002,1274.8676643951744
light-duty-vehicles,BIH,2003,1231.7595871334545
light-duty-vehicles,BIH,2004,1259.4841964251298
light-duty-vehicles,BIH,2005,1243.012529258572
light-duty-vehicles,BIH,2006,1265.2918766496637
light-duty-vehicles,BIH,2007,1317.654083026051
light-duty-vehicles,BIH,2008,1335.4517312887872
light-duty-vehicles,BIH,2009,1318.098013201692
light-duty-vehicles,BIH,2010,1411.06532924588
light-duty-vehicles,BIH,2011,1462.992187435486
light-duty-vehicles,BIH,2012,1464.336404978964
light-duty-vehicles,BIH,2013,1619.1308171978171
light-duty-vehicles,BIH,2014,1567.1374033937357
light-duty-vehicles,BIH,2015,1749.6706583859032
light-duty-vehicles,BIH,2016,1972.0952048923127
light-duty-vehicles,BIH,2017,2065.7177739346976
light-duty-vehicles,BIH,2018,2116.2236600187
light-duty-vehicles,CHE,2000,3839.147186609449
light-duty-vehicles,CHE,2001,3668.178913645968
light-duty-vehicles,CHE,2002,3565.9426540611785
light-duty-vehicles,CHE,2003,3693.568063706436
light-duty-vehicles,CHE,2004,3775.18856024969
light-duty-vehicles,CHE,2005,4122.0341140996015
light-duty-vehicles,CHE,2006,4128.745960750009
light-duty-vehicles,CHE,2007,4410.095864418867
light-duty-vehicles,CHE,2008,4844.17686307684
light-duty-vehicles,CHE,2009,4993.320440116428
light-duty-vehicles,CHE,2010,5311.0315813655325
light-duty-vehicles,CHE,2011,5564.195403992307
light-duty-vehicles,CHE,2012,5696.41506335619
light-duty-vehicles,CHE,2013,5691.738951357315
light-duty-vehicles,CHE,2014,5796.900506105244
light-duty-vehicles,CHE,2015,5424.729604713412
light-duty-vehicles,CHE,2016,5521.204426454198
light-duty-vehicles,CHE,2017,5568.248645327604
light-duty-vehicles,CHE,2018,5707.2547979783385
light-duty-vehicles,CYP,2000,1435.763215344483
light-duty-vehicles,CYP,2001,1468.917427000563
light-duty-vehicles,CYP,2002,1528.3861048871445
light-duty-vehicles,CYP,2003,1549.997415032714
light-duty-vehicles,CYP,2004,1432.5366705689703
light-duty-vehicles,CYP,2005,1522.7044900669555
light-duty-vehicles,CYP,2006,1411.2515901883107
light-duty-vehicles,CYP,2007,1397.4453873727418
light-duty-vehicles,CYP,2008,1495.620073951661
light-duty-vehicles,CYP,2009,1377.6922652945525
light-duty-vehicles,CYP,2010,1383.7258933837188
light-duty-vehicles,CYP,2011,1400.5625320010904
light-duty-vehicles,CYP,2012,1417.6421293202402
light-duty-vehicles,CYP,2013,1349.158788992643
light-duty-vehicles,CYP,2014,1279.1910716662662
light-duty-vehicles,CYP,2015,1263.0360938850497
light-duty-vehicles,CYP,2016,1517.622407779135
light-duty-vehicles,CYP,2017,1625.4915242983277
light-duty-vehicles,CYP,2018,1679.1862315696503
light-duty-vehicles,CZE,2000,1409.0262224376968
light-duty-vehicles,CZE,2001,1651.1803624562335
light-duty-vehicles,CZE,2002,1956.925387479896
light-duty-vehicles,CZE,2003,2290.746759208864
light-duty-vehicles,CZE,2004,2687.3211346286507
light-duty-vehicles,CZE,2005,3234.1705345873866
light-duty-vehicles,CZE,2006,3770.231417780755
light-duty-vehicles,CZE,2007,4320.611044806373
light-duty-vehicles,CZE,2008,5181.58580894635
light-duty-vehicles,CZE,2009,5299.224966035487
light-duty-vehicles,CZE,2010,5631.240459037597
light-duty-vehicles,CZE,2011,5736.999095170274
light-duty-vehicles,CZE,2012,5825.128338888002
light-duty-vehicles,CZE,2013,6065.045320917269
light-duty-vehicles,CZE,2014,6781.3654063365175
light-duty-vehicles,CZE,2015,7408.197018882128
light-duty-vehicles,CZE,2016,8279.659937986127
light-duty-vehicles,CZE,2017,8572.34813629282
light-duty-vehicles,CZE,2018,8663.604425263647
light-duty-vehicles,DEU,2000,24045.47519149963
light-duty-vehicles,DEU,2001,25607.32848527731
light-duty-vehicles,DEU,2002,26883.87455117426
light-duty-vehicles,DEU,2003,27000.34067651752
light-duty-vehicles,DEU,2004,27693.036469503677
light-duty-vehicles,DEU,2005,28387.48667685285
light-duty-vehicles,DEU,2006,29296.343677987566
light-duty-vehicles,DEU,2007,29926.70957445953
light-duty-vehicles,DEU,2008,29447.7797949885
light-duty-vehicles,DEU,2009,29095.04552503322
light-duty-vehicles,DEU,2010,28475.58678029344
light-duty-vehicles,DEU,2011,29213.439176262425
light-duty-vehicles,DEU,2012,28716.33717149357
light-duty-vehicles,DEU,2013,29324.668327174837
light-duty-vehicles,DEU,2014,30150.91134329034
light-duty-vehicles,DEU,2015,30508.162840692745
light-duty-vehicles,DEU,2016,31605.4931054844
light-duty-vehicles,DEU,2017,32100.477674076817
light-duty-vehicles,DEU,2018,32929.50504604672
light-duty-vehicles,DNK,2000,5731.479577452939
light-duty-vehicles,DNK,2001,5954.598125505268
light-duty-vehicles,DNK,2002,6156.354485820651
light-duty-vehicles,DNK,2003,6638.552685823895
light-duty-vehicles,DNK,2004,7303.6586315509985
light-duty-vehicles,DNK,2005,7916.614807723816
light-duty-vehicles,DNK,2006,8886.85091194311
light-duty-vehicles,DNK,2007,9611.92700090444
light-duty-vehicles,DNK,2008,9160.637252465698
light-duty-vehicles,DNK,2009,8526.375990793884
light-duty-vehicles,DNK,2010,8248.315917069913
light-duty-vehicles,DNK,2011,7545.637270985914
light-duty-vehicles,DNK,2012,7002.881046364711
light-duty-vehicles,DNK,2013,6543.907066230023
light-duty-vehicles,DNK,2014,6231.604437441434
light-duty-vehicles,DNK,2015,6325.542211566676
light-duty-vehicles,DNK,2016,7486.638858630241
light-duty-vehicles,DNK,2017,7544.96578057426
light-duty-vehicles,DNK,2018,7775.0648367139
light-duty-vehicles,ESP,2000,26813.0389546113
light-duty-vehicles,ESP,2001,32120.3162592969
light-duty-vehicles,ESP,2002,27372.991227089875
light-duty-vehicles,ESP,2003,29519.063816600858
light-duty-vehicles,ESP,2004,30750.95441468443
light-duty-vehicles,ESP,2005,30165.336962143225
light-duty-vehicles,ESP,2006,32177.26405501381
light-duty-vehicles,ESP,2007,39075.62996896968
light-duty-vehicles,ESP,2008,35894.07136498821
light-duty-vehicles,ESP,2009,30638.008013143208
light-duty-vehicles,ESP,2010,28886.749966003757
light-duty-vehicles,ESP,2011,27631.22216869796
light-duty-vehicles,ESP,2012,25524.452137621647
light-duty-vehicles,ESP,2013,24847.66140644304
light-duty-vehicles,ESP,2014,25646.330895572784
light-duty-vehicles,ESP,2015,29538.316552138724
light-duty-vehicles,ESP,2016,32698.391580611536
light-duty-vehicles,ESP,2017,33342.15515822143
light-duty-vehicles,ESP,2018,33921.1010361612
light-duty-vehicles,EST,2000,807.8001113264296
light-duty-vehicles,EST,2001,828.551030052145
light-duty-vehicles,EST,2002,818.6606079532829
light-duty-vehicles,EST,2003,770.3509479643824
light-duty-vehicles,EST,2004,741.7230071441151
light-duty-vehicles,EST,2005,686.993931164419
light-duty-vehicles,EST,2006,665.4209001337662
light-duty-vehicles,EST,2007,630.9137550502037
light-duty-vehicles,EST,2008,634.5815234969235
light-duty-vehicles,EST,2009,612.4636506605315
light-duty-vehicles,EST,2010,603.6603215737822
light-duty-vehicles,EST,2011,630.0812355584278
light-duty-vehicles,EST,2012,656.1198890530185
light-duty-vehicles,EST,2013,706.5439009479053
light-duty-vehicles,EST,2014,741.8134725478661
light-duty-vehicles,EST,2015,778.8158613442835
light-duty-vehicles,EST,2016,931.1256221036592
light-duty-vehicles,EST,2017,952.8776561944564
light-duty-vehicles,EST,2018,969.595963438354
light-duty-vehicles,FIN,2000,3821.6950263398176
light-duty-vehicles,FIN,2001,3911.90223853884
light-duty-vehicles,FIN,2002,3972.589827321269
light-duty-vehicles,FIN,2003,4017.011850640768
light-duty-vehicles,FIN,2004,4307.949367781288
light-duty-vehicles,FIN,2005,4449.7390218771725
light-duty-vehicles,FIN,2006,4489.748541478681
light-duty-vehicles,FIN,2007,4685.421544098498
light-duty-vehicles,FIN,2008,5071.327046286532
light-duty-vehicles,FIN,2009,5135.251534732057
light-duty-vehicles,FIN,2010,5387.255218713699
light-duty-vehicles,FIN,2011,5657.993685157643
light-duty-vehicles,FIN,2012,5766.237158670828
light-duty-vehicles,FIN,2013,6012.393937171949
light-duty-vehicles,FIN,2014,6114.295412525965
light-duty-vehicles,FIN,2015,6277.534357264976
light-duty-vehicles,FIN,2016,7665.7426942397715
light-duty-vehicles,FIN,2017,7674.599783413495
light-duty-vehicles,FIN,2018,7744.778746861265
light-duty-vehicles,FRA,2000,79635.15586959028
light-duty-vehicles,FRA,2001,83321.81789180794
light-duty-vehicles,FRA,2002,85667.30796691027
light-duty-vehicles,FRA,2003,87673.69024092129
light-duty-vehicles,FRA,2004,88287.68598436483
light-duty-vehicles,FRA,2005,89426.92274982587
light-duty-vehicles,FRA,2006,90861.38452561968
light-duty-vehicles,FRA,2007,91900.3718382838
light-duty-vehicles,FRA,2008,92071.9222154048
light-duty-vehicles,FRA,2009,96477.23046049838
light-duty-vehicles,FRA,2010,101661.81608641408
light-duty-vehicles,FRA,2011,104055.2872097958
light-duty-vehicles,FRA,2012,106047.82599006347
light-duty-vehicles,FRA,2013,108753.8807391262
light-duty-vehicles,FRA,2014,111994.63536695507
light-duty-vehicles,FRA,2015,115795.02089870397
light-duty-vehicles,FRA,2016,127849.1441428618
light-duty-vehicles,FRA,2017,127602.66491590724
light-duty-vehicles,FRA,2018,123950.63794471638
light-duty-vehicles,GBR,2000,49366.35770109609
light-duty-vehicles,GBR,2001,50211.272350353225
light-duty-vehicles,GBR,2002,51681.69521642463
light-duty-vehicles,GBR,2003,53925.905843026376
light-duty-vehicles,GBR,2004,56409.66198782055
light-duty-vehicles,GBR,2005,58755.423435816
light-duty-vehicles,GBR,2006,60754.94954961208
light-duty-vehicles,GBR,2007,63441.675477730496
light-duty-vehicles,GBR,2008,60800.3444246782
light-duty-vehicles,GBR,2009,60771.74941720169
light-duty-vehicles,GBR,2010,62324.36478074668
light-duty-vehicles,GBR,2011,63183.47972673911
light-duty-vehicles,GBR,2012,64278.322305157366
light-duty-vehicles,GBR,2013,65641.87176658302
light-duty-vehicles,GBR,2014,69296.7442497659
light-duty-vehicles,GBR,2015,73123.75066552818
light-duty-vehicles,GBR,2016,78794.79431322329
light-duty-vehicles,GBR,2017,79726.68669691838
light-duty-vehicles,GBR,2018,79092.29351871101
light-duty-vehicles,GRC,2000,8572.384938359986
light-duty-vehicles,GRC,2001,8576.12674082287
light-duty-vehicles,GRC,2002,8831.707059403705
light-duty-vehicles,GRC,2003,9160.057880400494
light-duty-vehicles,GRC,2004,9056.437970903213
light-duty-vehicles,GRC,2005,9133.39824824872
light-duty-vehicles,GRC,2006,9295.258360940536
light-duty-vehicles,GRC,2007,9981.601228627556
light-duty-vehicles,GRC,2008,9882.688312793663
light-duty-vehicles,GRC,2009,9484.22861696812
light-duty-vehicles,GRC,2010,9665.966790110137
light-duty-vehicles,GRC,2011,8369.398588662596
light-duty-vehicles,GRC,2012,6917.313225031725
light-duty-vehicles,GRC,2013,7993.174905968892
light-duty-vehicles,GRC,2014,8043.17477949084
light-duty-vehicles,GRC,2015,9919.773749598806
light-duty-vehicles,GRC,2016,10713.469125741714
light-duty-vehicles,GRC,2017,10649.084999352695
light-duty-vehicles,GRC,2018,10798.792218789831
light-duty-vehicles,HRV,2000,769.731791105713
light-duty-vehicles,HRV,2001,965.3623951425724
light-duty-vehicles,HRV,2002,1066.144079567599
light-duty-vehicles,HRV,2003,1180.3537968447731
light-duty-vehicles,HRV,2004,1282.973974525068
light-duty-vehicles,HRV,2005,1386.4655113586591
light-duty-vehicles,HRV,2006,1503.319743562978
light-duty-vehicles,HRV,2007,1476.1950831383233
light-duty-vehicles,HRV,2008,1536.294344369844
light-duty-vehicles,HRV,2009,1485.081252112494
light-duty-vehicles,HRV,2010,1383.515406211227
light-duty-vehicles,HRV,2011,1384.851748237693
light-duty-vehicles,HRV,2012,1309.051651119545
light-duty-vehicles,HRV,2013,1309.8370442866385
light-duty-vehicles,HRV,2014,1303.965453207253
light-duty-vehicles,HRV,2015,1512.495899993111
light-duty-vehicles,HRV,2016,1750.1188951582817
light-duty-vehicles,HRV,2017,1944.05506961294
light-duty-vehicles,HRV,2018,1910.1822048692748
light-duty-vehicles,HUN,2000,3867.757658600808
light-duty-vehicles,HUN,2001,4035.476040204663
light-duty-vehicles,HUN,2002,4275.777022831776
light-duty-vehicles,HUN,2003,4447.746936421721
light-duty-vehicles,HUN,2004,4543.386666071974
light-duty-vehicles,HUN,2005,4745.555788456055
light-duty-vehicles,HUN,2006,4897.232616748973
light-duty-vehicles,HUN,2007,5141.310053639289
light-duty-vehicles,HUN,2008,5480.347707581746
light-duty-vehicles,HUN,2009,5450.699646768858
light-duty-vehicles,HUN,2010,5403.191653351837
light-duty-vehicles,HUN,2011,5332.035961632758
light-duty-vehicles,HUN,2012,5267.828242058393
light-duty-vehicles,HUN,2013,5311.329700046509
light-duty-vehicles,HUN,2014,5446.194178093472
light-duty-vehicles,HUN,2015,5638.474600491106
light-duty-vehicles,HUN,2016,6529.326490375802
light-duty-vehicles,HUN,2017,6895.015933650764
light-duty-vehicles,HUN,2018,7411.806527424112
light-duty-vehicles,IRL,2000,3697.398134365711
light-duty-vehicles,IRL,2001,3991.429692366423
light-duty-vehicles,IRL,2002,4269.467501725185
light-duty-vehicles,IRL,2003,4571.294367888579
light-duty-vehicles,IRL,2004,4851.22577629855
light-duty-vehicles,IRL,2005,5166.944404248789
light-duty-vehicles,IRL,2006,5528.812398964911
light-duty-vehicles,IRL,2007,5831.789411302779
light-duty-vehicles,IRL,2008,5847.3046843224365
light-duty-vehicles,IRL,2009,5633.839351417447
light-duty-vehicles,IRL,2010,5322.429622523288
light-duty-vehicles,IRL,2011,5209.720071686875
light-duty-vehicles,IRL,2012,4934.8655903510935
light-duty-vehicles,IRL,2013,5079.6392167961785
light-duty-vehicles,IRL,2014,4957.373550328297
light-duty-vehicles,IRL,2015,4693.32389810117
light-duty-vehicles,IRL,2016,5488.308023665833
light-duty-vehicles,IRL,2017,5578.412611198274
light-duty-vehicles,IRL,2018,5834.711850792213
light-duty-vehicles,ITA,2000,58874.10254127903
light-duty-vehicles,ITA,2001,55759.82746898574
light-duty-vehicles,ITA,2002,58332.55883360302
light-duty-vehicles,ITA,2003,64031.151411337225
light-duty-vehicles,ITA,2004,69275.04979822203
light-duty-vehicles,ITA,2005,76850.40236524756
light-duty-vehicles,ITA,2006,68358.44384121908
light-duty-vehicles,ITA,2007,74029.06795265894
light-duty-vehicles,ITA,2008,73690.34139798358
light-duty-vehicles,ITA,2009,73158.6160525488
light-duty-vehicles,ITA,2010,79730.32916617685
light-duty-vehicles,ITA,2011,82908.25553938093
light-duty-vehicles,ITA,2012,73497.61879158544
light-duty-vehicles,ITA,2013,65218.57392433382
light-duty-vehicles,ITA,2014,67901.79287996616
light-duty-vehicles,ITA,2015,55221.80102440524
light-duty-vehicles,ITA,2016,59567.42151801489
light-duty-vehicles,ITA,2017,56929.99498017859
light-duty-vehicles,ITA,2018,59508.15169134019
light-duty-vehicles,LTU,2000,276.82293869986535
light-duty-vehicles,LTU,2001,284.0429802659263
light-duty-vehicles,LTU,2002,308.0660146683627
light-duty-vehicles,LTU,2003,330.8266684820732
light-duty-vehicles,LTU,2004,352.15921020686415
light-duty-vehicles,LTU,2005,388.8859506019068
light-duty-vehicles,LTU,2006,490.8409249424999
light-duty-vehicles,LTU,2007,563.4001036402295
light-duty-vehicles,LTU,2008,595.7822781975674
light-duty-vehicles,LTU,2009,661.3036324592457
light-duty-vehicles,LTU,2010,601.3422441911042
light-duty-vehicles,LTU,2011,663.8719748535198
light-duty-vehicles,LTU,2012,734.4660636879963
light-duty-vehicles,LTU,2013,763.4606724712789
light-duty-vehicles,LTU,2014,838.4183694875069
light-duty-vehicles,LTU,2015,865.1988697517961
light-duty-vehicles,LTU,2016,961.937160446804
light-duty-vehicles,LTU,2017,1025.706001536617
light-duty-vehicles,LTU,2018,1095.063416799031
light-duty-vehicles,LUX,2000,274.89463565970107
light-duty-vehicles,LUX,2001,293.9468465853235
light-duty-vehicles,LUX,2002,315.17197398123886
light-duty-vehicles,LUX,2003,327.7439700413125
light-duty-vehicles,LUX,2004,342.38052668449944
light-duty-vehicles,LUX,2005,360.250807743506
light-duty-vehicles,LUX,2006,379.4980137258145
light-duty-vehicles,LUX,2007,411.826114005107
light-duty-vehicles,LUX,2008,437.5582994344449
light-duty-vehicles,LUX,2009,439.1559437627173
light-duty-vehicles,LUX,2010,458.3866485324278
light-duty-vehicles,LUX,2011,484.0001752446026
light-duty-vehicles,LUX,2012,500.4621640488907
light-duty-vehicles,LUX,2013,514.5223884642288
light-duty-vehicles,LUX,2014,545.1048187251743
light-duty-vehicles,LUX,2015,571.5668692433632
light-duty-vehicles,LUX,2016,559.9165555910984
light-duty-vehicles,LUX,2017,571.9740931494596
light-duty-vehicles,LUX,2018,607.4215764117126
light-duty-vehicles,LVA,2000,352.60268244137563
light-duty-vehicles,LVA,2001,406.543161913336
light-duty-vehicles,LVA,2002,512.747492736524
light-duty-vehicles,LVA,2003,476.11653231261846
light-duty-vehicles,LVA,2004,611.0890372781494
light-duty-vehicles,LVA,2005,578.1375462630104
light-duty-vehicles,LVA,2006,632.4007966452328
light-duty-vehicles,LVA,2007,696.7902452389617
light-duty-vehicles,LVA,2008,705.2956324474097
light-duty-vehicles,LVA,2009,670.292199689866
light-duty-vehicles,LVA,2010,563.7481060497278
light-duty-vehicles,LVA,2011,584.4905335255376
light-duty-vehicles,LVA,2012,637.8354468708175
light-duty-vehicles,LVA,2013,740.4411790886334
light-duty-vehicles,LVA,2014,812.0506954122537
light-duty-vehicles,LVA,2015,854.4616033649182
light-duty-vehicles,LVA,2016,1006.9036734233616
light-duty-vehicles,LVA,2017,1097.070218337083
light-duty-vehicles,LVA,2018,1135.6718688484757
light-duty-vehicles,MKD,2000,436.6864018148324
light-duty-vehicles,MKD,2001,400.4233234231999
light-duty-vehicles,MKD,2002,387.3322288587302
light-duty-vehicles,MKD,2003,364.60862271697965
light-duty-vehicles,MKD,2004,420.9159677181742
light-duty-vehicles,MKD,2005,380.8017589982139
light-duty-vehicles,MKD,2006,375.7939696166397
light-duty-vehicles,MKD,2007,427.7101956236757
light-duty-vehicles,MKD,2008,440.8835698439584
light-duty-vehicles,MKD,2009,465.0106985345985
light-duty-vehicles,MKD,2010,530.3794210255172
light-duty-vehicles,MKD,2011,586.3112301621887
light-duty-vehicles,MKD,2012,595.9309217050749
light-duty-vehicles,MKD,2013,756.1028077922164
light-duty-vehicles,MKD,2014,776.6806845567089
light-duty-vehicles,MKD,2015,938.0251924587822
light-duty-vehicles,MKD,2016,1088.9497470550325
light-duty-vehicles,MKD,2017,1141.263297659439
light-duty-vehicles,MKD,2018,1135.5050306992507
light-duty-vehicles,MLT,2000,257.8411077838206
light-duty-vehicles,MLT,2001,258.5496301518006
light-duty-vehicles,MLT,2002,262.9085041959589
light-duty-vehicles,MLT,2003,270.1826720310041
light-duty-vehicles,MLT,2004,267.97622557951206
light-duty-vehicles,MLT,2005,265.4052910513863
light-duty-vehicles,MLT,2006,280.53217219544126
light-duty-vehicles,MLT,2007,308.0464361550582
light-duty-vehicles,MLT,2008,324.35194872879686
light-duty-vehicles,MLT,2009,332.0792099716628
light-duty-vehicles,MLT,2010,314.3764412974876
light-duty-vehicles,MLT,2011,326.2358211669448
light-duty-vehicles,MLT,2012,326.26240951699543
light-duty-vehicles,MLT,2013,333.56666194658794
light-duty-vehicles,MLT,2014,397.7793339244122
light-duty-vehicles,MLT,2015,411.81252560216046
light-duty-vehicles,MLT,2016,439.87564460876
light-duty-vehicles,MLT,2017,466.4414178004428
light-duty-vehicles,MLT,2018,558.6183074997296
light-duty-vehicles,MNE,2000,192.60855715008333
light-duty-vehicles,MNE,2001,185.6558631873563
light-duty-vehicles,MNE,2002,185.53132931101763
light-duty-vehicles,MNE,2003,179.996988012644
light-duty-vehicles,MNE,2004,182.5111055475392
light-duty-vehicles,MNE,2005,179.68156488796944
light-duty-vehicles,MNE,2006,178.82778741946905
light-duty-vehicles,MNE,2007,255.29676676641176
light-duty-vehicles,MNE,2008,258.2529327670844
light-duty-vehicles,MNE,2009,250.4447581207014
light-duty-vehicles,MNE,2010,306.76200773630444
light-duty-vehicles,MNE,2011,309.0255356978125
light-duty-vehicles,MNE,2012,293.6768866166391
light-duty-vehicles,MNE,2013,267.42816673407594
light-duty-vehicles,MNE,2014,241.2326728421457
light-duty-vehicles,MNE,2015,303.7552055326433
light-duty-vehicles,MNE,2016,360.7916359547843
light-duty-vehicles,MNE,2017,395.6519993159104
light-duty-vehicles,MNE,2018,432.4804934318387
light-duty-vehicles,NLD,2000,15378.993186346808
light-duty-vehicles,NLD,2001,16892.002354589058
light-duty-vehicles,NLD,2002,17579.799656165058
light-duty-vehicles,NLD,2003,18457.390069302008
light-duty-vehicles,NLD,2004,19505.820413807283
light-duty-vehicles,NLD,2005,19876.09997463064
light-duty-vehicles,NLD,2006,19878.353136853
light-duty-vehicles,NLD,2007,20165.22407086079
light-duty-vehicles,NLD,2008,20543.742391108648
light-duty-vehicles,NLD,2009,19394.693928851037
light-duty-vehicles,NLD,2010,19587.88609288701
light-duty-vehicles,NLD,2011,19969.24089420305
light-duty-vehicles,NLD,2012,19098.668622945603
light-duty-vehicles,NLD,2013,18943.402750474528
light-duty-vehicles,NLD,2014,17855.312968940834
light-duty-vehicles,NLD,2015,18371.716805666656
light-duty-vehicles,NLD,2016,19760.118399910774
light-duty-vehicles,NLD,2017,20158.558474136567
light-duty-vehicles,NLD,2018,20410.597313502785
light-duty-vehicles,NOR,2000,3211.49158187626
light-duty-vehicles,NOR,2001,3588.502924229679
light-duty-vehicles,NOR,2002,3894.576407899461
light-duty-vehicles,NOR,2003,4075.409097328397
light-duty-vehicles,NOR,2004,4488.555681330022
light-duty-vehicles,NOR,2005,4691.4584232960215
light-duty-vehicles,NOR,2006,5413.65520339972
light-duty-vehicles,NOR,2007,5944.737489316476
light-duty-vehicles,NOR,2008,5818.338656321359
light-duty-vehicles,NOR,2009,5937.636927747828
light-duty-vehicles,NOR,2010,6191.880209867043
light-duty-vehicles,NOR,2011,5825.64322920507
light-duty-vehicles,NOR,2012,5731.37530609333
light-duty-vehicles,NOR,2013,6015.313544674271
light-duty-vehicles,NOR,2014,6081.209191755867
light-duty-vehicles,NOR,2015,5567.535850262402
light-duty-vehicles,NOR,2016,5798.338515733301
light-duty-vehicles,NOR,2017,5694.45842225902
light-duty-vehicles,NOR,2018,5638.738039851936
light-duty-vehicles,POL,2000,20580.077488346145
light-duty-vehicles,POL,2001,20043.778032037248
light-duty-vehicles,POL,2002,20602.19564575581
light-duty-vehicles,POL,2003,21194.363458357675
light-duty-vehicles,POL,2004,20492.98413380256
light-duty-vehicles,POL,2005,20728.590991726844
light-duty-vehicles,POL,2006,21678.56185047441
light-duty-vehicles,POL,2007,22322.872613108248
light-duty-vehicles,POL,2008,23495.882677281705
light-duty-vehicles,POL,2009,24797.155646466515
light-duty-vehicles,POL,2010,26169.747211468497
light-duty-vehicles,POL,2011,27181.7293143396
light-duty-vehicles,POL,2012,26930.670297165816
light-duty-vehicles,POL,2013,27527.65081016297
light-duty-vehicles,POL,2014,27476.76921035674
light-duty-vehicles,POL,2015,27602.26328535697
light-duty-vehicles,POL,2016,35124.69834349834
light-duty-vehicles,POL,2017,41363.2880765763
light-duty-vehicles,POL,2018,43218.68510081197
light-duty-vehicles,PRT,2000,15324.149230373534
light-duty-vehicles,PRT,2001,15626.389640664413
light-duty-vehicles,PRT,2002,15766.20179897309
light-duty-vehicles,PRT,2003,15514.658370087807
light-duty-vehicles,PRT,2004,14710.509128295913
light-duty-vehicles,PRT,2005,14141.389014136685
light-duty-vehicles,PRT,2006,14340.90949945798
light-duty-vehicles,PRT,2007,13831.741701774134
light-duty-vehicles,PRT,2008,14030.038433267891
light-duty-vehicles,PRT,2009,14356.374009638956
light-duty-vehicles,PRT,2010,14209.03684203102
light-duty-vehicles,PRT,2011,12600.19778463305
light-duty-vehicles,PRT,2012,10922.661873206496
light-duty-vehicles,PRT,2013,10426.615050303348
light-duty-vehicles,PRT,2014,11369.514680667322
light-duty-vehicles,PRT,2015,11463.489087466254
light-duty-vehicles,PRT,2016,12562.562000385413
light-duty-vehicles,PRT,2017,12794.890748040349
light-duty-vehicles,PRT,2018,12947.354228836088
light-duty-vehicles,ROU,2000,3940.8632320020806
light-duty-vehicles,ROU,2001,4075.671036906679
light-duty-vehicles,ROU,2002,4183.813800999404
light-duty-vehicles,ROU,2003,4359.123992809264
light-duty-vehicles,ROU,2004,4572.712561921424
light-duty-vehicles,ROU,2005,4707.185307798264
light-duty-vehicles,ROU,2006,5204.9757850298
light-duty-vehicles,ROU,2007,5464.413785260918
light-duty-vehicles,ROU,2008,6219.312780149764
light-duty-vehicles,ROU,2009,6362.427208941628
light-duty-vehicles,ROU,2010,6394.907494607564
light-duty-vehicles,ROU,2011,6758.722225408436
light-duty-vehicles,ROU,2012,7061.889372864303
light-duty-vehicles,ROU,2013,7473.008310736845
light-duty-vehicles,ROU,2014,8086.814580120312
light-duty-vehicles,ROU,2015,8523.224325366524
light-duty-vehicles,ROU,2016,10112.142566004984
light-duty-vehicles,ROU,2017,10961.313393950164
light-duty-vehicles,ROU,2018,11515.7916958881
light-duty-vehicles,SRB,2000,1000.4297914056618
light-duty-vehicles,SRB,2001,1700.4921711057805
light-duty-vehicles,SRB,2002,2416.5614849932776
light-duty-vehicles,SRB,2003,2550.682445681541
light-duty-vehicles,SRB,2004,2854.044990650292
light-duty-vehicles,SRB,2005,2436.491781301537
light-duty-vehicles,SRB,2006,2642.6116263585754
light-duty-vehicles,SRB,2007,2595.4030651491444
light-duty-vehicles,SRB,2008,2518.0784838829923
light-duty-vehicles,SRB,2009,2335.292341917886
light-duty-vehicles,SRB,2010,2575.6303923185405
light-duty-vehicles,SRB,2011,2421.777093301239
light-duty-vehicles,SRB,2012,2195.957574257693
light-duty-vehicles,SRB,2013,2849.5279781669915
light-duty-vehicles,SRB,2014,2852.28662389341
light-duty-vehicles,SRB,2015,3032.8333689616056
light-duty-vehicles,SRB,2016,3204.9867276509062
light-duty-vehicles,SRB,2017,3426.062209093898
light-duty-vehicles,SRB,2018,3518.0926794487527
light-duty-vehicles,SVK,2000,1685.3731708208784
light-duty-vehicles,SVK,2001,1731.3420594940417
light-duty-vehicles,SVK,2002,1757.764931682661
light-duty-vehicles,SVK,2003,1751.6279936595265
light-duty-vehicles,SVK,2004,1867.8915684152264
light-duty-vehicles,SVK,2005,2007.522954951539
light-duty-vehicles,SVK,2006,2004.735322487123
light-duty-vehicles,SVK,2007,2308.8016650430377
light-duty-vehicles,SVK,2008,2476.84903335517
light-duty-vehicles,SVK,2009,2681.098997395088
light-duty-vehicles,SVK,2010,2722.810171972509
light-duty-vehicles,SVK,2011,2810.942700687372
light-duty-vehicles,SVK,2012,2950.9554943124213
light-duty-vehicles,SVK,2013,2682.2591145688207
light-duty-vehicles,SVK,2014,2344.1961405112074
light-duty-vehicles,SVK,2015,2725.2123528493485
light-duty-vehicles,SVK,2016,3137.25797448929
light-duty-vehicles,SVK,2017,3607.210627236735
light-duty-vehicles,SVK,2018,3593.484021172122
light-duty-vehicles,SVN,2000,240.92712529507347
light-duty-vehicles,SVN,2001,280.3028151259571
light-duty-vehicles,SVN,2002,319.3177635375456
light-duty-vehicles,SVN,2003,362.8583632879647
light-duty-vehicles,SVN,2004,471.5198410035624
light-duty-vehicles,SVN,2005,537.243258364131
light-duty-vehicles,SVN,2006,611.2122045993914
light-duty-vehicles,SVN,2007,720.5309667962449
light-duty-vehicles,SVN,2008,775.9259012381658
light-duty-vehicles,SVN,2009,814.7612756322468
light-duty-vehicles,SVN,2010,788.9536252635932
light-duty-vehicles,SVN,2011,860.2375994439107
light-duty-vehicles,SVN,2012,908.4043564597088
light-duty-vehicles,SVN,2013,1024.7952580754422
light-duty-vehicles,SVN,2014,1177.533205583435
light-duty-vehicles,SVN,2015,1304.3422163946443
light-duty-vehicles,SVN,2016,1496.3296333803048
light-duty-vehicles,SVN,2017,1551.1410599484493
light-duty-vehicles,SVN,2018,1575.8230656057767
light-duty-vehicles,SWE,2000,3288.489939204565
light-duty-vehicles,SWE,2001,3782.956538381044
light-duty-vehicles,SWE,2002,4211.9141619827615
light-duty-vehicles,SWE,2003,4550.073125871097
light-duty-vehicles,SWE,2004,4971.934197765337
light-duty-vehicles,SWE,2005,5167.337650831319
light-duty-vehicles,SWE,2006,5532.442571724006
light-duty-vehicles,SWE,2007,5975.971912785388
light-duty-vehicles,SWE,2008,6242.668218852901
light-duty-vehicles,SWE,2009,6302.828286329918
light-duty-vehicles,SWE,2010,6744.043496067402
light-duty-vehicles,SWE,2011,7087.486771374817
light-duty-vehicles,SWE,2012,7076.743249345236
light-duty-vehicles,SWE,2013,7074.549981366695
light-duty-vehicles,SWE,2014,7247.753937373533
light-duty-vehicles,SWE,2015,7642.048490254066
light-duty-vehicles,SWE,2016,6869.16023024395
light-duty-vehicles,SWE,2017,6823.65625011204
light-duty-vehicles,SWE,2018,6740.403858139049
motorcycles,ALB,2000,41.93148042134114
motorcycles,ALB,2001,45.316743458536656
motorcycles,ALB,2002,62.598471793481686
motorcycles,ALB,2003,66.73190320511016
motorcycles,ALB,2004,75.37741248410276
motorcycles,ALB,2005,85.1178091596698
motorcycles,ALB,2006,82.41778905412087
motorcycles,ALB,2007,64.89101692337977
motorcycles,ALB,2008,41.346945127021776
motorcycles,ALB,2009,56.26544538976962
motorcycles,ALB,2010,82.41616459719629
motorcycles,ALB,2011,85.89582072268898
motorcycles,ALB,2012,85.86400864595387
motorcycles,ALB,2013,106.45300531430908
motorcycles,ALB,2014,111.02067418869709
motorcycles,ALB,2015,116.5694164120088
motorcycles,ALB,2016,111.49173215838503
motorcycles,ALB,2017,108.0542868625272
motorcycles,ALB,2018,112.26903574860216
motorcycles,AUT,2000,895.9
motorcycles,AUT,2001,923.95
motorcycles,AUT,2002,955.4
motorcycles,AUT,2003,983.45
motorcycles,AUT,2004,1038.4
motorcycles,AUT,2005,1069.2
motorcycles,AUT,2006,1104.4
motorcycles,AUT,2007,1149.28
motorcycles,AUT,2008,1197.68
motorcycles,AUT,2009,1243.44
motorcycles,AUT,2010,1284.8
motorcycles,AUT,2011,1327.92
motorcycles,AUT,2012,1393.74
motorcycles,AUT,2013,1422.96
motorcycles,AUT,2014,1462.56
motorcycles,AUT,2015,1514.7102390399284
motorcycles,AUT,2016,1476.0972370699817
motorcycles,AUT,2017,1459.9340783852608
motorcycles,AUT,2018,1492.5109733128727
motorcycles,BEL,2000,1377.0
motorcycles,BEL,2001,1442.0
motorcycles,BEL,2002,1522.5
motorcycles,BEL,2003,1590.0
motorcycles,BEL,2004,1620.0
motorcycles,BEL,2005,1573.0
motorcycles,BEL,2006,1625.0
motorcycles,BEL,2007,1690.0
motorcycles,BEL,2008,1690.0
motorcycles,BEL,2009,1662.5
motorcycles,BEL,2010,1587.5
motorcycles,BEL,2011,1587.5
motorcycles,BEL,2012,1536.0
motorcycles,BEL,2013,1467.6
motorcycles,BEL,2014,1546.25
motorcycles,BEL,2015,1527.5
motorcycles,BEL,2016,1682.9460512311457
motorcycles,BEL,2017,1689.4971619605997
motorcycles,BEL,2018,1882.3793627544603
motorcycles,BGR,2000,269.99025161697443
motorcycles,BGR,2001,277.6962284486741
motorcycles,BGR,2002,285.9355288965269
motorcycles,BGR,2003,289.6015069028856
motorcycles,BGR,2004,307.5302933956833
motorcycles,BGR,2005,329.74900363378737
motorcycles,BGR,2006,339.29797945206565
motorcycles,BGR,2007,359.6095925447105
motorcycles,BGR,2008,409.0791905015103
motorcycles,BGR,2009,436.4536789914178
motorcycles,BGR,2010,476.1302692041818
motorcycles,BGR,2011,504.9040030479915
motorcycles,BGR,2012,550.2965509555083
motorcycles,BGR,2013,585.6619951232485
motorcycles,BGR,2014,617.5070215548658
motorcycles,BGR,2015,668.1382071950718
motorcycles,BGR,2016,639.6042130093364
motorcycles,BGR,2017,655.0361153983771
motorcycles,BGR,2018,621.1409762289227
motorcycles,BIH,2000,78.331940126682
motorcycles,BIH,2001,81.43094136429215
motorcycles,BIH,2002,83.76540249602235
motorcycles,BIH,2003,86.83315285525089
motorcycles,BIH,2004,91.16679516846044
motorcycles,BIH,2005,95.59412809914184
motorcycles,BIH,2006,92.56178891668084
motorcycles,BIH,2007,93.46162888589006
motorcycles,BIH,2008,104.01649743954864
motorcycles,BIH,2009,108.32675821722955
motorcycles,BIH,2010,131.78028847091173
motorcycles,BIH,2011,148.68446586985866
motorcycles,BIH,2012,170.53267955181994
motorcycles,BIH,2013,195.00276225825576
motorcycles,BIH,2014,199.9157874647977
motorcycles,BIH,2015,213.8567111216177
motorcycles,BIH,2016,219.39704042528652
motorcycles,BIH,2017,208.3163818179489
motorcycles,BIH,2018,196.8556586097257
motorcycles,CHE,2000,3493.087569266297
motorcycles,CHE,2001,3583.0525829153908
motorcycles,CHE,2002,3649.014522745797
motorcycles,CHE,2003,3837.58543902388
motorcycles,CHE,2004,4178.1612660423
motorcycles,CHE,2005,4387.8859655505485
motorcycles,CHE,2006,4403.012342087088
motorcycles,CHE,2007,4344.0774602794645
motorcycles,CHE,2008,4817.964715392504
motorcycles,CHE,2009,4772.930161484439
motorcycles,CHE,2010,4941.079237902062
motorcycles,CHE,2011,5063.425380716672
motorcycles,CHE,2012,5282.549436918223
motorcycles,CHE,2013,5216.391244270857
motorcycles,CHE,2014,5111.339134226771
motorcycles,CHE,2015,4829.196064187303
motorcycles,CHE,2016,4684.511373208742
motorcycles,CHE,2017,4549.508394352039
motorcycles,CHE,2018,4486.023934605921
motorcycles,CYP,2000,128.93358298650557
motorcycles,CYP,2001,126.93867798696904
motorcycles,CYP,2002,124.3283180249726
motorcycles,CYP,2003,126.22769270349173
motorcycles,CYP,2004,126.04513315266644
motorcycles,CYP,2005,124.49027522248764
motorcycles,CYP,2006,124.456358786707
motorcycles,CYP,2007,125.76316797949602
motorcycles,CYP,2008,128.79062454510864
motorcycles,CYP,2009,128.0
motorcycles,CYP,2010,127.0
motorcycles,CYP,2011,124.95
motorcycles,CYP,2012,126.9771816687366
motorcycles,CYP,2013,125.21028338262168
motorcycles,CYP,2014,126.7684963826778
motorcycles,CYP,2015,124.12954195240016
motorcycles,CYP,2016,127.37285753201964
motorcycles,CYP,2017,126.2567226332687
motorcycles,CYP,2018,122.912647031981
motorcycles,CZE,2000,1308.0
motorcycles,CZE,2001,1248.0
motorcycles,CZE,2002,1220.0
motorcycles,CZE,2003,1216.0
motorcycles,CZE,2004,1212.0
motorcycles,CZE,2005,1255.6
motorcycles,CZE,2006,1291.782419923104
motorcycles,CZE,2007,1338.5869458844095
motorcycles,CZE,2008,1379.1029699695405
motorcycles,CZE,2009,1392.1249137646314
motorcycles,CZE,2010,1417.8878613059337
motorcycles,CZE,2011,1442.2330073375992
motorcycles,CZE,2012,1482.1047696580656
motorcycles,CZE,2013,1482.4518797272754
motorcycles,CZE,2014,1508.631938231106
motorcycles,CZE,2015,1565.940783743322
motorcycles,CZE,2016,1610.4730293871348
motorcycles,CZE,2017,1596.7843139176714
motorcycles,CZE,2018,1597.0212252635874
motorcycles,DEU,2000,9725.119867999148
motorcycles,DEU,2001,9879.062829115652
motorcycles,DEU,2002,10281.0216157904
motorcycles,DEU,2003,10172.061545131965
motorcycles,DEU,2004,10591.622287565457
motorcycles,DEU,2005,10751.3668424274
motorcycles,DEU,2006,11029.8
motorcycles,DEU,2007,9548.0
motorcycles,DEU,2008,9808.4
motorcycles,DEU,2009,10065.492386991393
motorcycles,DEU,2010,10032.084510250192
motorcycles,DEU,2011,10479.527019075982
motorcycles,DEU,2012,10441.355798847875
motorcycles,DEU,2013,10974.974822096689
motorcycles,DEU,2014,11487.99644310056
motorcycles,DEU,2015,11341.6784282779
motorcycles,DEU,2016,11349.395468014844
motorcycles,DEU,2017,11513.506716488428
motorcycles,DEU,2018,11117.761038468332
motorcycles,DNK,2000,559.4683701276361
motorcycles,DNK,2001,531.0655446483757
motorcycles,DNK,2002,552.1665330620206
motorcycles,DNK,2003,557.6705974014099
motorcycles,DNK,2004,557.08
motorcycles,DNK,2005,572.26
motorcycles,DNK,2006,602.79
motorcycles,DNK,2007,643.72
motorcycles,DNK,2008,643.72
motorcycles,DNK,2009,619.8524721648656
motorcycles,DNK,2010,621.3121688281552
motorcycles,DNK,2011,617.2006094252744
motorcycles,DNK,2012,622.2034951645411
motorcycles,DNK,2013,630.6090372829675
motorcycles,DNK,2014,642.6713029791138
motorcycles,DNK,2015,648.1202762947613
motorcycles,DNK,2016,677.9833754326426
motorcycles,DNK,2017,681.0721379630875
motorcycles,DNK,2018,682.6165192283098
motorcycles,ESP,2000,8791.036001832312
motorcycles,ESP,2001,9346.27147929801
motorcycles,ESP,2002,8683.628977484432
motorcycles,ESP,2003,9833.062059186686
motorcycles,ESP,2004,9554.062932751538
motorcycles,ESP,2005,10980.416034343769
motorcycles,ESP,2006,11230.638856534488
motorcycles,ESP,2007,12772.5
motorcycles,ESP,2008,12870.0
motorcycles,ESP,2009,13357.5
motorcycles,ESP,2010,13624.0
motorcycles,ESP,2011,12530.2
motorcycles,ESP,2012,11923.2
motorcycles,ESP,2013,11816.377207142636
motorcycles,ESP,2014,13236.97449746218
motorcycles,ESP,2015,14591.855237906064
motorcycles,ESP,2016,15102.700771103137
motorcycles,ESP,2017,15502.810523365157
motorcycles,ESP,2018,16357.56871363088
motorcycles,EST,2000,8.080090912477885
motorcycles,EST,2001,8.194065973217704
motorcycles,EST,2002,8.757748074865798
motorcycles,EST,2003,9.66720023963564
motorcycles,EST,2004,10.838065438071112
motorcycles,EST,2005,12.132934273694708
motorcycles,EST,2006,14.923502867543842
motorcycles,EST,2007,17.507822134075287
motorcycles,EST,2008,20.85836990206364
motorcycles,EST,2009,21.873882517445967
motorcycles,EST,2010,23.09803228993672
motorcycles,EST,2011,27.19328720225593
motorcycles,EST,2012,41.31200408777879
motorcycles,EST,2013,45.21649538827381
motorcycles,EST,2014,49.27
motorcycles,EST,2015,52.8
motorcycles,EST,2016,56.05554331111569
motorcycles,EST,2017,58.29116625827106
motorcycles,EST,2018,62.64698512463659
motorcycles,FIN,2000,844.7399770167949
motorcycles,FIN,2001,844.7237747115095
motorcycles,FIN,2002,844.5769928526323
motorcycles,FIN,2003,844.9316894579554
motorcycles,FIN,2004,845.044841191383
motorcycles,FIN,2005,844.2796306078858
motorcycles,FIN,2006,844.5151380772113
motorcycles,FIN,2007,845.8706423395136
motorcycles,FIN,2008,846.3158036686181
motorcycles,FIN,2009,846.7219428139204
motorcycles,FIN,2010,1127.0230423425471
motorcycles,FIN,2011,1126.0357676729006
motorcycles,FIN,2012,1123.9613892182472
motorcycles,FIN,2013,1123.4031111145816
motorcycles,FIN,2014,1123.8120539360646
motorcycles,FIN,2015,1123.8362173210592
motorcycles,FIN,2016,1088.315065710441
motorcycles,FIN,2017,1068.3395862879693
motorcycles,FIN,2018,1050.6606358938066
motorcycles,FRA,2000,9800.756857754095
motorcycles,FRA,2001,10759.053785945443
motorcycles,FRA,2002,11972.752414596796
motorcycles,FRA,2003,12007.178992436851
motorcycles,FRA,2004,12820.63875239058
motorcycles,FRA,2005,13181.525198208628
motorcycles,FRA,2006,13246.737497712062
motorcycles,FRA,2007,13770.325744143467
motorcycles,FRA,2008,14587.47
motorcycles,FRA,2009,15170.62
motorcycles,FRA,2010,15170.62
motorcycles,FRA,2011,15185.88
motorcycles,FRA,2012,15325.2
motorcycles,FRA,2013,15603.840000000002
motorcycles,FRA,2014,16021.8
motorcycles,FRA,2015,16161.12
motorcycles,FRA,2016,16987.343137320884
motorcycles,FRA,2017,17597.76404566567
motorcycles,FRA,2018,18158.625259428987
motorcycles,GBR,2000,4573.0
motorcycles,GBR,2001,4816.0
motorcycles,GBR,2002,5080.0
motorcycles,GBR,2003,5607.0
motorcycles,GBR,2004,5155.0
motorcycles,GBR,2005,5432.0
motorcycles,GBR,2006,5197.0
motorcycles,GBR,2007,5588.0
motorcycles,GBR,2008,5142.0
motorcycles,GBR,2009,5177.7
motorcycles,GBR,2010,4653.99
motorcycles,GBR,2011,4642.0
motorcycles,GBR,2012,4505.49
motorcycles,GBR,2013,4328.0
motorcycles,GBR,2014,4459.0
motorcycles,GBR,2015,4507.63
motorcycles,GBR,2016,4461.624798741787
motorcycles,GBR,2017,4398.872778957772
motorcycles,GBR,2018,4371.476613553716
motorcycles,GRC,2000,3793.275941588937
motorcycles,GRC,2001,4012.0493195870345
motorcycles,GRC,2002,4447.191022868796
motorcycles,GRC,2003,4715.603613938677
motorcycles,GRC,2004,4895.158670168935
motorcycles,GRC,2005,5010.37801137804
motorcycles,GRC,2006,4750.171712328921
motorcycles,GRC,2007,4860.123643241763
motorcycles,GRC,2008,5192.5785247658405
motorcycles,GRC,2009,5310.336411811045
motorcycles,GRC,2010,6339.857661480298
motorcycles,GRC,2011,6566.208031978397
motorcycles,GRC,2012,6878.717514318156
motorcycles,GRC,2013,7013.330308395896
motorcycles,GRC,2014,7333.82463680124
motorcycles,GRC,2015,7394.657387866702
motorcycles,GRC,2016,7288.968481848556
motorcycles,GRC,2017,7041.373032175158
motorcycles,GRC,2018,6903.734117810375
motorcycles,HRV,2000,135.36534989758857
motorcycles,HRV,2001,134.82722645449155
motorcycles,HRV,2002,140.22296786529168
motorcycles,HRV,2003,158.26569162409876
motorcycles,HRV,2004,175.62035732486137
motorcycles,HRV,2005,194.626275426518
motorcycles,HRV,2006,212.73834925502075
motorcycles,HRV,2007,214.5183222488525
motorcycles,HRV,2008,216.16188178981096
motorcycles,HRV,2009,216.607638442092
motorcycles,HRV,2010,216.52784409286207
motorcycles,HRV,2011,216.4147157304077
motorcycles,HRV,2012,216.59742911813177
motorcycles,HRV,2013,215.98717793656323
motorcycles,HRV,2014,215.50246818648603
motorcycles,HRV,2015,215.0
motorcycles,HRV,2016,216.2368093849136
motorcycles,HRV,2017,207.5542606333205
motorcycles,HRV,2018,201.7245493286794
motorcycles,HUN,2000,243.9090736181559
motorcycles,HUN,2001,248.92632717226687
motorcycles,HUN,2002,260.8498254280226
motorcycles,HUN,2003,276.4572191419296
motorcycles,HUN,2004,304.33027947966576
motorcycles,HUN,2005,327.219898727517
motorcycles,HUN,2006,346.96951130675075
motorcycles,HUN,2007,361.9450036282653
motorcycles,HUN,2008,376.9089654771931
motorcycles,HUN,2009,378.00564422151047
motorcycles,HUN,2010,378.78331759999713
motorcycles,HUN,2011,392.3070113356549
motorcycles,HUN,2012,402.9070661582302
motorcycles,HUN,2013,418.1132296892616
motorcycles,HUN,2014,429.5990837950493
motorcycles,HUN,2015,432.99
motorcycles,HUN,2016,468.2662425584411
motorcycles,HUN,2017,459.9552892928225
motorcycles,HUN,2018,478.3811488291756
motorcycles,IRL,2000,108.47764199498566
motorcycles,IRL,2001,117.5179815101723
motorcycles,IRL,2002,117.6839832739675
motorcycles,IRL,2003,126.4097821213334
motorcycles,IRL,2004,122.17346477257254
motorcycles,IRL,2005,149.7575786369148
motorcycles,IRL,2006,147.65857658644785
motorcycles,IRL,2007,149.28270510604045
motorcycles,IRL,2008,159.19293935567725
motorcycles,IRL,2009,146.28503184141593
motorcycles,IRL,2010,128.05764938622798
motorcycles,IRL,2011,117.5539
motorcycles,IRL,2012,106.0
motorcycles,IRL,2013,105.41134281914596
motorcycles,IRL,2014,121.58210692469706
motorcycles,IRL,2015,115.874517831453
motorcycles,IRL,2016,114.68245418149976
motorcycles,IRL,2017,105.11827083158926
motorcycles,IRL,2018,95.94234950261472
motorcycles,ITA,2000,35789.74255275416
motorcycles,ITA,2001,36695.58346283024
motorcycles,ITA,2002,36447.43710333947
motorcycles,ITA,2003,37254.29423662652
motorcycles,ITA,2004,38772.88726664077
motorcycles,ITA,2005,38964.688766185536
motorcycles,ITA,2006,37045.02181255286
motorcycles,ITA,2007,32941.2545872669
motorcycles,ITA,2008,34752.176569278
motorcycles,ITA,2009,32461.91063068368
motorcycles,ITA,2010,33158.0
motorcycles,ITA,2011,34247.0
motorcycles,ITA,2012,33397.0
motorcycles,ITA,2013,32389.0
motorcycles,ITA,2014,33120.0
motorcycles,ITA,2015,32850.0
motorcycles,ITA,2016,30671.341894136203
motorcycles,ITA,2017,29805.469242731197
motorcycles,ITA,2018,30650.283425522037
motorcycles,LTU,2000,55.97173428775343
motorcycles,LTU,2001,56.69219848419878
motorcycles,LTU,2002,58.57348760703855
motorcycles,LTU,2003,60.4866191486218
motorcycles,LTU,2004,63.0
motorcycles,LTU,2005,61.6
motorcycles,LTU,2006,65.2
motorcycles,LTU,2007,73.8081797439043
motorcycles,LTU,2008,85.98493855813747
motorcycles,LTU,2009,92.2377127755314
motorcycles,LTU,2010,91.05869525695866
motorcycles,LTU,2011,90.96206521030828
motorcycles,LTU,2012,90.28425323600617
motorcycles,LTU,2013,89.91173906664493
motorcycles,LTU,2014,86.92448172888182
motorcycles,LTU,2015,87.11539377048547
motorcycles,LTU,2016,92.9924116400992
motorcycles,LTU,2017,92.478623688155
motorcycles,LTU,2018,101.19254319526505
motorcycles,LUX,2000,30.85138452255552
motorcycles,LUX,2001,32.24798381426303
motorcycles,LUX,2002,34.72074279457827
motorcycles,LUX,2003,35.643262388047454
motorcycles,LUX,2004,38.21374978905747
motorcycles,LUX,2005,39.718082618448605
motorcycles,LUX,2006,40.55245017612651
motorcycles,LUX,2007,42.07078316926775
motorcycles,LUX,2008,42.55725109856615
motorcycles,LUX,2009,44.1384910978656
motorcycles,LUX,2010,45.85760608388414
motorcycles,LUX,2011,47.25297659140868
motorcycles,LUX,2012,49.95122753419621
motorcycles,LUX,2013,51.7462300569837
motorcycles,LUX,2014,54.16759096547884
motorcycles,LUX,2015,56.579100113517015
motorcycles,LUX,2016,55.096193877867655
motorcycles,LUX,2017,58.48467107195459
motorcycles,LUX,2018,63.88028084059457
motorcycles,LVA,2000,56.43690826359619
motorcycles,LVA,2001,56.81838781590595
motorcycles,LVA,2002,56.76152402565394
motorcycles,LVA,2003,56.69897370884824
motorcycles,LVA,2004,56.38028645518565
motorcycles,LVA,2005,56.00277374975224
motorcycles,LVA,2006,55.067419232047136
motorcycles,LVA,2007,53.022854422979634
motorcycles,LVA,2008,51.015
motorcycles,LVA,2009,49.43599999999999
motorcycles,LVA,2010,49.77
motorcycles,LVA,2011,49.8356555196006
motorcycles,LVA,2012,46.224684616506174
motorcycles,LVA,2013,48.70278084782786
motorcycles,LVA,2014,59.34305775983783
motorcycles,LVA,2015,76.16959887285164
motorcycles,LVA,2016,72.64642789340708
motorcycles,LVA,2017,69.78811798197172
motorcycles,LVA,2018,70.27467531663444
motorcycles,MKD,2000,59.23462120264785
motorcycles,MKD,2001,55.980078416497776
motorcycles,MKD,2002,58.91379719506976
motorcycles,MKD,2003,57.39793631536152
motorcycles,MKD,2004,58.33413376913492
motorcycles,MKD,2005,58.6322854629932
motorcycles,MKD,2006,51.86095621612815
motorcycles,MKD,2007,55.82013100191261
motorcycles,MKD,2008,64.22930945341837
motorcycles,MKD,2009,70.08744963094313
motorcycles,MKD,2010,85.95195112946108
motorcycles,MKD,2011,102.8001827034482
motorcycles,MKD,2012,94.47226036919469
motorcycles,MKD,2013,113.46341640201172
motorcycles,MKD,2014,105.77862388001694
motorcycles,MKD,2015,112.44383611301308
motorcycles,MKD,2016,113.83581125431556
motorcycles,MKD,2017,113.0891767479352
motorcycles,MKD,2018,108.54393149269376
motorcycles,MLT,2000,28.61222282608696
motorcycles,MLT,2001,29.59964673913043
motorcycles,MLT,2002,30.739336956521736
motorcycles,MLT,2003,31.53066032608696
motorcycles,MLT,2004,29.48890760869565
motorcycles,MLT,2005,27.66863315217392
motorcycles,MLT,2006,28.34460326086956
motorcycles,MLT,2007,29.50967119565217
motorcycles,MLT,2008,33.251730978260866
motorcycles,MLT,2009,33.17559782608696
motorcycles,MLT,2010,33.95077173913043
motorcycles,MLT,2011,35.90485597826087
motorcycles,MLT,2012,36.48623641304348
motorcycles,MLT,2013,38.99170923913044
motorcycles,MLT,2014,42.45
motorcycles,MLT,2015,44.0271097826087
motorcycles,MLT,2016,44.61234857429427
motorcycles,MLT,2017,45.14828376177231
motorcycles,MLT,2018,45.44824310547579
motorcycles,MNE,2000,21.68086812580396
motorcycles,MNE,2001,22.5386157705791
motorcycles,MNE,2002,23.18475250433041
motorcycles,MNE,2003,24.03385046965281
motorcycles,MNE,2004,25.233324494490557
motorcycles,MNE,2005,26.458730392313267
motorcycles,MNE,2006,26.60479643284206
motorcycles,MNE,2007,26.863435116073383
motorcycles,MNE,2008,27.68258683504356
motorcycles,MNE,2009,36.90202184121827
motorcycles,MNE,2010,39.98156138822187
motorcycles,MNE,2011,31.65629098293001
motorcycles,MNE,2012,30.86178021521688
motorcycles,MNE,2013,32.17635894251646
motorcycles,MNE,2014,35.11522639577833
motorcycles,MNE,2015,37.69960342962388
motorcycles,MNE,2016,38.808415295201065
motorcycles,MNE,2017,39.251940041431936
motorcycles,MNE,2018,37.47784105650845
motorcycles,NLD,2000,2965.227122787609
motorcycles,NLD,2001,3082.0248151414576
motorcycles,NLD,2002,3194.670716213732
motorcycles,NLD,2003,3220.420104010097
motorcycles,NLD,2004,3078.287472170633
motorcycles,NLD,2005,3206.7503429018043
motorcycles,NLD,2006,3439.228500618635
motorcycles,NLD,2007,3793.966730883592
motorcycles,NLD,2008,4144.353492645706
motorcycles,NLD,2009,4325.35069616392
motorcycles,NLD,2010,4425.340456015691
motorcycles,NLD,2011,4544.390627246708
motorcycles,NLD,2012,4421.53532524424
motorcycles,NLD,2013,4396.04
motorcycles,NLD,2014,4245.04
motorcycles,NLD,2015,4377.61
motorcycles,NLD,2016,4395.572497174181
motorcycles,NLD,2017,4497.428029280757
motorcycles,NLD,2018,4639.056846524512
motorcycles,NOR,2000,298.71689232185406
motorcycles,NOR,2001,312.79996641826307
motorcycles,NOR,2002,328.1137754034737
motorcycles,NOR,2003,334.58486926739613
motorcycles,NOR,2004,346.13162581052194
motorcycles,NOR,2005,351.06136070966204
motorcycles,NOR,2006,372.0407967837381
motorcycles,NOR,2007,390.3653330870068
motorcycles,NOR,2008,393.7818787408081
motorcycles,NOR,2009,372.4460741639802
motorcycles,NOR,2010,378.7837148246634
motorcycles,NOR,2011,334.6172289731426
motorcycles,NOR,2012,297.75576236420534
motorcycles,NOR,2013,332.0865558037336
motorcycles,NOR,2014,314.4247091039591
motorcycles,NOR,2015,274.22327335451143
motorcycles,NOR,2016,262.058170554136
motorcycles,NOR,2017,271.88537654505234
motorcycles,NOR,2018,258.6713232468341
motorcycles,POL,2000,2174.77169636925
motorcycles,POL,2001,1940.767288802224
motorcycles,POL,2002,1845.3303024181728
motorcycles,POL,2003,1699.9432312954325
motorcycles,POL,2004,1616.8949489743106
motorcycles,POL,2005,1795.862374035639
motorcycles,POL,2006,1905.197683686628
motorcycles,POL,2007,2065.8900181617105
motorcycles,POL,2008,2087.9266558465224
motorcycles,POL,2009,2302.49720896546
motorcycles,POL,2010,2483.798896406971
motorcycles,POL,2011,2480.8
motorcycles,POL,2012,2499.6800000000003
motorcycles,POL,2013,2428.8
motorcycles,POL,2014,2457.6
motorcycles,POL,2015,2566.2
motorcycles,POL,2016,2661.2595289247874
motorcycles,POL,2017,2923.310796653138
motorcycles,POL,2018,3076.726263813984
motorcycles,PRT,2000,1306.4044433079412
motorcycles,PRT,2001,1410.520525453583
motorcycles,PRT,2002,1519.0324972627996
motorcycles,PRT,2003,1603.9468074621357
motorcycles,PRT,2004,1718.5516395641123
motorcycles,PRT,2005,1806.8438555276025
motorcycles,PRT,2006,1900.068684931568
motorcycles,PRT,2007,1798.047962723551
motorcycles,PRT,2008,1818.1297355622685
motorcycles,PRT,2009,1700.8194913273796
motorcycles,PRT,2010,1648.143239552938
motorcycles,PRT,2011,1613.4168297937176
motorcycles,PRT,2012,1632.1159439748396
motorcycles,PRT,2013,1605.739438893488
motorcycles,PRT,2014,1579.6737119454078
motorcycles,PRT,2015,1529.4237299723643
motorcycles,PRT,2016,1500.445141635247
motorcycles,PRT,2017,1495.1220192232167
motorcycles,PRT,2018,1480.3193183841756
motorcycles,ROU,2000,230.09992738204568
motorcycles,ROU,2001,229.07266834369096
motorcycles,ROU,2002,228.0448971964445
motorcycles,ROU,2003,229.8026154241927
motorcycles,ROU,2004,232.52188440687289
motorcycles,ROU,2005,235.20617065247765
motorcycles,ROU,2006,256.8867020005605
motorcycles,ROU,2007,276.91419334708405
motorcycles,ROU,2008,343.8
motorcycles,ROU,2009,375.92
motorcycles,ROU,2010,397.15
motorcycles,ROU,2011,421.74
motorcycles,ROU,2012,443.52
motorcycles,ROU,2013,476.0
motorcycles,ROU,2014,500.48
motorcycles,ROU,2015,529.0
motorcycles,ROU,2016,556.9366109483968
motorcycles,ROU,2017,563.0451937018845
motorcycles,ROU,2018,560.2636963563394
motorcycles,SRB,2000,139.88380766730523
motorcycles,SRB,2001,150.9780479189171
motorcycles,SRB,2002,188.74333166790623
motorcycles,SRB,2003,214.35473101610407
motorcycles,SRB,2004,465.4280978748134
motorcycles,SRB,2005,513.1351408049163
motorcycles,SRB,2006,539.6402854734104
motorcycles,SRB,2007,287.6607489774472
motorcycles,SRB,2008,307.2263525448288
motorcycles,SRB,2009,297.1791937746728
motorcycles,SRB,2010,326.9894364816128
motorcycles,SRB,2011,339.51483894976906
motorcycles,SRB,2012,364.78157641821593
motorcycles,SRB,2013,380.6264076691687
motorcycles,SRB,2014,410.5287763154652
motorcycles,SRB,2015,444.4896040284978
motorcycles,SRB,2016,461.19973951829104
motorcycles,SRB,2017,466.2372864243347
motorcycles,SRB,2018,468.1300001793591
motorcycles,SVK,2000,52.0819904732099
motorcycles,SVK,2001,55.01030049268971
motorcycles,SVK,2002,48.16226564850874
motorcycles,SVK,2003,49.00948578356524
motorcycles,SVK,2004,51.73744935950906
motorcycles,SVK,2005,56.64455487079032
motorcycles,SVK,2006,58.72117031050418
motorcycles,SVK,2007,64.280214667367
motorcycles,SVK,2008,69.99799481914732
motorcycles,SVK,2009,61.373486406628246
motorcycles,SVK,2010,56.4031241980339
motorcycles,SVK,2011,68.25777169151915
motorcycles,SVK,2012,79.97135207866441
motorcycles,SVK,2013,81.87802200118021
motorcycles,SVK,2014,91.11098347554496
motorcycles,SVK,2015,101.71649118862555
motorcycles,SVK,2016,107.25264775621709
motorcycles,SVK,2017,107.35873712154236
motorcycles,SVK,2018,100.86823317550238
motorcycles,SVN,2000,78.0
motorcycles,SVN,2001,73.0
motorcycles,SVN,2002,73.0
motorcycles,SVN,2003,88.0
motorcycles,SVN,2004,100.0
motorcycles,SVN,2005,112.0
motorcycles,SVN,2006,127.0
motorcycles,SVN,2007,146.0
motorcycles,SVN,2008,159.71206479251944
motorcycles,SVN,2009,165.0
motorcycles,SVN,2010,214.49849536488372
motorcycles,SVN,2011,252.37416050481943
motorcycles,SVN,2012,230.8681426843592
motorcycles,SVN,2013,206.5241578409473
motorcycles,SVN,2014,211.3762244159724
motorcycles,SVN,2015,228.0654146313828
motorcycles,SVN,2016,225.1901187291201
motorcycles,SVN,2017,220.34251972673343
motorcycles,SVN,2018,227.19073579645075
motorcycles,SWE,2000,435.24
motorcycles,SWE,2001,475.23
motorcycles,SWE,2002,537.5400000000001
motorcycles,SWE,2003,581.25
motorcycles,SWE,2004,626.82
motorcycles,SWE,2005,646.0
motorcycles,SWE,2006,708.0
motorcycles,SWE,2007,786.24
motorcycles,SWE,2008,762.3000000000001
motorcycles,SWE,2009,770.4
motorcycles,SWE,2010,734.4
motorcycles,SWE,2011,710.6
motorcycles,SWE,2012,620.25
motorcycles,SWE,2013,692.0
motorcycles,SWE,2014,694.0
motorcycles,SWE,2015,697.2
motorcycles,SWE,2016,618.3069419865886
motorcycles,SWE,2017,591.6923050234456
motorcycles,SWE,2018,560.3465679401318
passenger-cars,ALB,2000,2406.2730567550525
passenger-cars,ALB,2001,2630.215878317545
passenger-cars,ALB,2002,3214.70697262896
passenger-cars,ALB,2003,3664.477673588426
passenger-cars,ALB,2004,4246.627504460609
passenger-cars,ALB,2005,4518.878944532563
passenger-cars,ALB,2006,4331.36012176712
passenger-cars,ALB,2007,4341.817742906854
passenger-cars,ALB,2008,4036.504112446281
passenger-cars,ALB,2009,4532.09759274939
passenger-cars,ALB,2010,4965.545114147576
passenger-cars,ALB,2011,5132.351901861833
passenger-cars,ALB,2012,5026.095343009265
passenger-cars,ALB,2013,5536.92092813716
passenger-cars,ALB,2014,5832.73215473181
passenger-cars,ALB,2015,5934.205094933656
passenger-cars,ALB,2016,5948.44312856188
passenger-cars,ALB,2017,5921.819614263485
passenger-cars,ALB,2018,6015.389776726922
passenger-cars,AUT,2000,54219.81344298883
passenger-cars,AUT,2001,55206.18970603971
passenger-cars,AUT,2002,56459.5960071541
passenger-cars,AUT,2003,57465.04584435238
passenger-cars,AUT,2004,58276.12687833438
passenger-cars,AUT,2005,59415.99999999999
passenger-cars,AUT,2006,59876.0
passenger-cars,AUT,2007,61036.0
passenger-cars,AUT,2008,62286.99999999999
passenger-cars,AUT,2009,61982.99999999999
passenger-cars,AUT,2010,62845.99999999999
passenger-cars,AUT,2011,63850.99999999999
passenger-cars,AUT,2012,63786.99999999999
passenger-cars,AUT,2013,64542.00000000001
passenger-cars,AUT,2014,66229.0
passenger-cars,AUT,2015,67850.90003643723
passenger-cars,AUT,2016,70413.96636275023
passenger-cars,AUT,2017,71372.17903923635
passenger-cars,AUT,2018,72129.09810586364
passenger-cars,BEL,2000,76259.86153537777
passenger-cars,BEL,2001,79077.36562669916
passenger-cars,BEL,2002,79114.50268497028
passenger-cars,BEL,2003,81782.11611859512
passenger-cars,BEL,2004,82524.74763302163
passenger-cars,BEL,2005,79700.41834506867
passenger-cars,BEL,2006,82109.83783709096
passenger-cars,BEL,2007,85753.54392553764
passenger-cars,BEL,2008,87912.413840316
passenger-cars,BEL,2009,88423.90801732532
passenger-cars,BEL,2010,88314.80602265228
passenger-cars,BEL,2011,89026.97278089057
passenger-cars,BEL,2012,88052.12900292505
passenger-cars,BEL,2013,86437.25813763264
passenger-cars,BEL,2014,89612.31459191405
passenger-cars,BEL,2015,92400.03194028078
passenger-cars,BEL,2016,97424.22061705902
passenger-cars,BEL,2017,95943.83890644617
passenger-cars,BEL,2018,97227.2353396012
passenger-cars,BGR,2000,12858.36985012913
passenger-cars,BGR,2001,13144.72249755033
passenger-cars,BGR,2002,14537.537039528786
passenger-cars,BGR,2003,15808.754556465854
passenger-cars,BGR,2004,17477.960201189668
passenger-cars,BGR,2005,19303.322720439643
passenger-cars,BGR,2006,21396.92846627645
passenger-cars,BGR,2007,21115.78789766596
passenger-cars,BGR,2008,22697.405327529475
passenger-cars,BGR,2009,23552.84160356131
passenger-cars,BGR,2010,23494.30357045115
passenger-cars,BGR,2011,23555.04977210253
passenger-cars,BGR,2012,25184.11181960915
passenger-cars,BGR,2013,23340.911293451674
passenger-cars,BGR,2014,26823.86030181493
passenger-cars,BGR,2015,30202.745288644022
passenger-cars,BGR,2016,31691.99537888137
passenger-cars,BGR,2017,31846.75702202109
passenger-cars,BGR,2018,32491.47351742496
passenger-cars,BIH,2000,4872.931776494122
passenger-cars,BIH,2001,5048.995848345832
passenger-cars,BIH,2002,5197.390881962087
passenger-cars,BIH,2003,5434.306584508593
passenger-cars,BIH,2004,5687.791133703964
passenger-cars,BIH,2005,5867.46594866109
passenger-cars,BIH,2006,6146.623262492475
passenger-cars,BIH,2007,6439.692892343582
passenger-cars,BIH,2008,6618.771879808652
passenger-cars,BIH,2009,6840.538173613464
passenger-cars,BIH,2010,7221.860934066588
passenger-cars,BIH,2011,7288.421194418633
passenger-cars,BIH,2012,7521.774716714198
passenger-cars,BIH,2013,7746.395245607794
passenger-cars,BIH,2014,7866.848340782695
passenger-cars,BIH,2015,8305.352663530999
passenger-cars,BIH,2016,9174.301335764316
passenger-cars,BIH,2017,9514.497992764393
passenger-cars,BIH,2018,9458.527061134362
passenger-cars,CHE,2000,62573.081222637615
passenger-cars,CHE,2001,62047.31819071048
passenger-cars,CHE,2002,59759.82084797024
passenger-cars,CHE,2003,59889.26011427091
passenger-cars,CHE,2004,59697.26199711049
passenger-cars,CHE,2005,58537.037317711496
passenger-cars,CHE,2006,57773.4685485228
passenger-cars,CHE,2007,59001.56322129376
passenger-cars,CHE,2008,61648.54813441953
passenger-cars,CHE,2009,63278.34380658669
passenger-cars,CHE,2010,62728.9180913673
passenger-cars,CHE,2011,62652.76686362053
passenger-cars,CHE,2012,62993.85262904948
passenger-cars,CHE,2013,62690.46407344236
passenger-cars,CHE,2014,63407.91281531692
passenger-cars,CHE,2015,61155.30303753186
passenger-cars,CHE,2016,60582.80527930543
passenger-cars,CHE,2017,59853.42943081928
passenger-cars,CHE,2018,60098.68834990152
passenger-cars,CYP,2000,3031.9830098369584
passenger-cars,CYP,2001,3177.387201049914
passenger-cars,CYP,2002,3247.331951234748
passenger-cars,CYP,2003,3389.161470937513
passenger-cars,CYP,2004,3729.91964045296
passenger-cars,CYP,2005,3924.32037227185
passenger-cars,CYP,2006,4102.139204654323
passenger-cars,CYP,2007,4487.038575726947
passenger-cars,CYP,2008,4824.757848300924
passenger-cars,CYP,2009,4999.327056609665
passenger-cars,CYP,2010,5112.444719299026
passenger-cars,CYP,2011,5165.177827265042
passenger-cars,CYP,2012,5077.456062196414
passenger-cars,CYP,2013,5038.509402389461
passenger-cars,CYP,2014,5064.626842209887
passenger-cars,CYP,2015,5163.739683036612
passenger-cars,CYP,2016,5415.44249434101
passenger-cars,CYP,2017,5431.976746347725
passenger-cars,CYP,2018,5339.196078019212
passenger-cars,CZE,2000,33111.98541378918
passenger-cars,CZE,2001,34712.595233647975
passenger-cars,CZE,2002,36279.63346738587
passenger-cars,CZE,2003,41029.7434848577
passenger-cars,CZE,2004,42448.04357954319
passenger-cars,CZE,2005,44360.90397380737
passenger-cars,CZE,2006,45688.75322074655
passenger-cars,CZE,2007,48231.602399288
passenger-cars,CZE,2008,48093.66758163876
passenger-cars,CZE,2009,47767.23399079393
passenger-cars,CZE,2010,45015.969742460686
passenger-cars,CZE,2011,44597.112469520565
passenger-cars,CZE,2012,43367.58545115219
passenger-cars,CZE,2013,42273.69771512194
passenger-cars,CZE,2014,43740.23606603752
passenger-cars,CZE,2015,45691.12018390858
passenger-cars,CZE,2016,49090.14100612634
passenger-cars,CZE,2017,49806.27830597002
passenger-cars,CZE,2018,50061.3062005879
passenger-cars,DEU,2000,530151.2128463358
passenger-cars,DEU,2001,536690.2141373935
passenger-cars,DEU,2002,537449.9778238268
passenger-cars,DEU,2003,515295.5350827102
passenger-cars,DEU,2004,529307.9280186157
passenger-cars,DEU,2005,511736.84838436055
passenger-cars,DEU,2006,513648.19491148856
passenger-cars,DEU,2007,502882.4212149664
passenger-cars,DEU,2008,499056.7897309687
passenger-cars,DEU,2009,500835.5876323061
passenger-cars,DEU,2010,496016.2278157046
passenger-cars,DEU,2011,507952.00306820567
passenger-cars,DEU,2012,496841.4558991032
passenger-cars,DEU,2013,512316.9205528976
passenger-cars,DEU,2014,543995.1302447915
passenger-cars,DEU,2015,533450.5322999186
passenger-cars,DEU,2016,542120.4846522816
passenger-cars,DEU,2017,550090.8542639115
passenger-cars,DEU,2018,549744.444160343
passenger-cars,DNK,2000,27813.76301967301
passenger-cars,DNK,2001,27801.328110568054
passenger-cars,DNK,2002,28335.08681681468
passenger-cars,DNK,2003,28768.710615008084
passenger-cars,DNK,2004,29074.036416041185
passenger-cars,DNK,2005,29429.209164558004
passenger-cars,DNK,2006,30016.33729816697
passenger-cars,DNK,2007,32464.87823922473
passenger-cars,DNK,2008,33130.83447840083
passenger-cars,DNK,2009,33110.59547726678
passenger-cars,DNK,2010,33710.61085422756
passenger-cars,DNK,2011,35211.68987479039
passenger-cars,DNK,2012,32874.927840916665
passenger-cars,DNK,2013,34297.3818931883
passenger-cars,DNK,2014,35976.35623891969
passenger-cars,DNK,2015,37167.85461606729
passenger-cars,DNK,2016,41151.138750398844
passenger-cars,DNK,2017,41390.1309085789
passenger-cars,DNK,2018,42058.385288435406
passenger-cars,ESP,2000,185590.23462797704
passenger-cars,ESP,2001,196320.719684467
passenger-cars,ESP,2002,207512.04905524483
passenger-cars,ESP,2003,216295.9020391108
passenger-cars,ESP,2004,231256.49639995612
passenger-cars,ESP,2005,245039.9165288695
passenger-cars,ESP,2006,255519.6878451065
passenger-cars,ESP,2007,265551.93011427124
passenger-cars,ESP,2008,267163.67782449105
passenger-cars,ESP,2009,270667.95974375587
passenger-cars,ESP,2010,264994.72535938234
passenger-cars,ESP,2011,260552.15459770316
passenger-cars,ESP,2012,250802.18086034665
passenger-cars,ESP,2013,248400.6291085683
passenger-cars,ESP,2014,244784.08722812825
passenger-cars,ESP,2015,255597.8711532764
passenger-cars,ESP,2016,277855.9920525059
passenger-cars,ESP,2017,283827.6963295143
passenger-cars,ESP,2018,291331.00677543343
passenger-cars,EST,2000,3389.8290280555425
passenger-cars,EST,2001,4227.354236559817
passenger-cars,EST,2002,3999.711330694402
passenger-cars,EST,2003,4075.39609376376
passenger-cars,EST,2004,4191.695306850615
passenger-cars,EST,2005,4558.156356003317
passenger-cars,EST,2006,5252.513294974623
passenger-cars,EST,2007,5933.637083008377
passenger-cars,EST,2008,6214.657944513319
passenger-cars,EST,2009,5828.658009489021
passenger-cars,EST,2010,5724.48942008775
passenger-cars,EST,2011,5785.8161892973685
passenger-cars,EST,2012,5988.49352904983
passenger-cars,EST,2013,6088.5374048589765
passenger-cars,EST,2014,6292.665061258207
passenger-cars,EST,2015,6780.779600747741
passenger-cars,EST,2016,7768.246280863162
passenger-cars,EST,2017,7992.407234335817
passenger-cars,EST,2018,8292.198418473476
passenger-cars,FIN,2000,33757.57575757575
passenger-cars,FIN,2001,34545.454545454544
passenger-cars,FIN,2002,35333.333333333336
passenger-cars,FIN,2003,36115.15151515152
passenger-cars,FIN,2004,36933.333333333336
passenger-cars,FIN,2005,37521.21212121212
passenger-cars,FIN,2006,37851.51515151516
passenger-cars,FIN,2007,38657.57575757576
passenger-cars,FIN,2008,38424.24242424242
passenger-cars,FIN,2009,38987.87878787879
passenger-cars,FIN,2010,39239.39393939394
passenger-cars,FIN,2011,39690.90909090909
passenger-cars,FIN,2012,39557.57575757575
passenger-cars,FIN,2013,39463.63636363635
passenger-cars,FIN,2014,39709.0909090909
passenger-cars,FIN,2015,40178.78787878788
passenger-cars,FIN,2016,43166.87496359705
passenger-cars,FIN,2017,42791.76522692742
passenger-cars,FIN,2018,42650.14105940886
passenger-cars,FRA,2000,364333.4245875856
passenger-cars,FRA,2001,380725.1057615407
passenger-cars,FRA,2002,382463.3103607128
passenger-cars,FRA,2003,381127.7550147749
passenger-cars,FRA,2004,380414.6391151901
passenger-cars,FRA,2005,376205.7402958325
passenger-cars,FRA,2006,382660.88945566135
passenger-cars,FRA,2007,391480.16246852814
passenger-cars,FRA,2008,390894.5489243045
passenger-cars,FRA,2009,402450.0605007846
passenger-cars,FRA,2010,396282.1992320692
passenger-cars,FRA,2011,393703.17000785394
passenger-cars,FRA,2012,405395.6599542702
passenger-cars,FRA,2013,404014.0687218843
passenger-cars,FRA,2014,417674.65772534255
passenger-cars,FRA,2015,432788.8353366096
passenger-cars,FRA,2016,472385.50736120297
passenger-cars,FRA,2017,475367.989032848
passenger-cars,FRA,2018,468276.7050802
passenger-cars,GBR,2000,337376.0266285469
passenger-cars,GBR,2001,338807.1371772623
passenger-cars,GBR,2002,346752.90230074205
passenger-cars,GBR,2003,343455.8687099979
passenger-cars,GBR,2004,348003.36764639034
passenger-cars,GBR,2005,347314.39746252
passenger-cars,GBR,2006,355288.59008843574
passenger-cars,GBR,2007,353261.39023564017
passenger-cars,GBR,2008,355077.80105563224
passenger-cars,GBR,2009,352101.66220961954
passenger-cars,GBR,2010,349023.2210519072
passenger-cars,GBR,2011,350669.17875910806
passenger-cars,GBR,2012,354609.31937239086
passenger-cars,GBR,2013,356963.7471749952
passenger-cars,GBR,2014,365142.5039081226
passenger-cars,GBR,2015,376787.6948379094
passenger-cars,GBR,2016,389251.22218014434
passenger-cars,GBR,2017,388981.8323413578
passenger-cars,GBR,2018,386423.4677748802
passenger-cars,GRC,2000,32090.080395243564
passenger-cars,GRC,2001,34983.281294370274
passenger-cars,GRC,2002,37411.532584214816
passenger-cars,GRC,2003,39884.85057172679
passenger-cars,GRC,2004,42403.89376573058
passenger-cars,GRC,2005,45504.678497349625
passenger-cars,GRC,2006,48213.203367301736
passenger-cars,GRC,2007,50864.66672284485
passenger-cars,GRC,2008,53421.98653885376
passenger-cars,GRC,2009,54116.47236385885
passenger-cars,GRC,2010,53208.29859269835
passenger-cars,GRC,2011,49477.17275537466
passenger-cars,GRC,2012,42689.42514023342
passenger-cars,GRC,2013,40561.77622972541
passenger-cars,GRC,2014,40110.39001222229
passenger-cars,GRC,2015,39888.5379931546
passenger-cars,GRC,2016,39876.38666338316
passenger-cars,GRC,2017,38553.7106080541
passenger-cars,GRC,2018,37966.00012973599
passenger-cars,HRV,2000,13887.13966477152
passenger-cars,HRV,2001,14896.674298901004
passenger-cars,HRV,2002,15724.04727900516
passenger-cars,HRV,2003,16206.629712484644
passenger-cars,HRV,2004,17040.58181436853
passenger-cars,HRV,2005,17520.000000000004
passenger-cars,HRV,2006,18058.0
passenger-cars,HRV,2007,19011.0
passenger-cars,HRV,2008,20956.0
passenger-cars,HRV,2009,20465.0
passenger-cars,HRV,2010,20390.0
passenger-cars,HRV,2011,20050.0
passenger-cars,HRV,2012,19495.0
passenger-cars,HRV,2013,19500.000000000004
passenger-cars,HRV,2014,19795.0
passenger-cars,HRV,2015,20350.0
passenger-cars,HRV,2016,22164.56259837592
passenger-cars,HRV,2017,23201.15814189611
passenger-cars,HRV,2018,22729.83459852033
passenger-cars,HUN,2000,19653.04475513046
passenger-cars,HUN,2001,21134.43705706466
passenger-cars,HUN,2002,22346.38428587251
passenger-cars,HUN,2003,23632.950585279992
passenger-cars,HUN,2004,24747.41484461032
passenger-cars,HUN,2005,26604.37774975716
passenger-cars,HUN,2006,27258.87429202385
passenger-cars,HUN,2007,28826.78496183664
passenger-cars,HUN,2008,29623.97663190674
passenger-cars,HUN,2009,32219.76008547148
passenger-cars,HUN,2010,29106.19326376397
passenger-cars,HUN,2011,26358.34895380118
passenger-cars,HUN,2012,26805.58263600849
passenger-cars,HUN,2013,26202.870924197417
passenger-cars,HUN,2014,27567.958964855705
passenger-cars,HUN,2015,29580.38603667656
passenger-cars,HUN,2016,32820.46447930116
passenger-cars,HUN,2017,33211.70774035539
passenger-cars,HUN,2018,34977.76379957503
passenger-cars,IRL,2000,25687.668006381544
passenger-cars,IRL,2001,27478.7288317196
passenger-cars,IRL,2002,28434.66820932954
passenger-cars,IRL,2003,29018.221444962976
passenger-cars,IRL,2004,30417.115429395
passenger-cars,IRL,2005,33386.34111064107
passenger-cars,IRL,2006,35403.99317151823
passenger-cars,IRL,2007,35801.67269556723
passenger-cars,IRL,2008,35570.07423130539
passenger-cars,IRL,2009,34911.3561142784
passenger-cars,IRL,2010,34475.72276694283
passenger-cars,IRL,2011,33662.45629517677
passenger-cars,IRL,2012,32391.333075237097
passenger-cars,IRL,2013,32644.338910983977
passenger-cars,IRL,2014,32169.37319212271
passenger-cars,IRL,2015,34817.982416581784
passenger-cars,IRL,2016,37741.62374389834
passenger-cars,IRL,2017,36730.93055437453
passenger-cars,IRL,2018,36460.68840568381
passenger-cars,ITA,2000,351526.9300883577
passenger-cars,ITA,2001,366655.3106653168
passenger-cars,ITA,2002,369375.8165851442
passenger-cars,ITA,2003,371059.49107247737
passenger-cars,ITA,2004,372762.4911305933
passenger-cars,ITA,2005,347874.5078791263
passenger-cars,ITA,2006,348510.08502217487
passenger-cars,ITA,2007,349484.6366312604
passenger-cars,ITA,2008,349439.2147357195
passenger-cars,ITA,2009,372048.7951509093
passenger-cars,ITA,2010,361443.9999999999
passenger-cars,ITA,2011,355541.0
passenger-cars,ITA,2012,339639.00000000006
passenger-cars,ITA,2013,344467.0
passenger-cars,ITA,2014,370917.0
passenger-cars,ITA,2015,372696.0
passenger-cars,ITA,2016,382020.1382614028
passenger-cars,ITA,2017,368941.31778332166
passenger-cars,ITA,2018,381739.3996961175
passenger-cars,LTU,2000,9234.341596611308
passenger-cars,LTU,2001,9393.181971021868
passenger-cars,LTU,2002,10034.778311773876
passenger-cars,LTU,2003,11309.833375138453
passenger-cars,LTU,2004,12497.90731229326
passenger-cars,LTU,2005,14082.944668224362
passenger-cars,LTU,2006,16098.739998516732
passenger-cars,LTU,2007,17566.97902606509
passenger-cars,LTU,2008,17319.16994528811
passenger-cars,LTU,2009,16496.149121333114
passenger-cars,LTU,2010,16549.169160579524
passenger-cars,LTU,2011,15258.044980419822
passenger-cars,LTU,2012,17654.730939981855
passenger-cars,LTU,2013,17254.68019420712
passenger-cars,LTU,2014,16369.23605256258
passenger-cars,LTU,2015,17482.000497439873
passenger-cars,LTU,2016,18967.763878922036
passenger-cars,LTU,2017,19769.124168768685
passenger-cars,LTU,2018,20935.261084923903
passenger-cars,LUX,2000,4124.928834059413
passenger-cars,LUX,2001,4314.970198200009
passenger-cars,LUX,2002,4433.259898461007
passenger-cars,LUX,2003,4553.483895707408
passenger-cars,LUX,2004,4675.669046908892
passenger-cars,LUX,2005,4877.259368111683
passenger-cars,LUX,2006,5032.092998845385
passenger-cars,LUX,2007,5109.509814212241
passenger-cars,LUX,2008,5228.446798917943
passenger-cars,LUX,2009,5228.446798917944
passenger-cars,LUX,2010,5072.3737601442745
passenger-cars,LUX,2011,5160.501986434863
passenger-cars,LUX,2012,5285.32815346013
passenger-cars,LUX,2013,5389.755011217733
passenger-cars,LUX,2014,5616.292219597615
passenger-cars,LUX,2015,5699.049648599715
passenger-cars,LUX,2016,5563.1098691672005
passenger-cars,LUX,2017,5753.527334651624
passenger-cars,LUX,2018,6164.474223904095
passenger-cars,LVA,2000,4201.502808551901
passenger-cars,LVA,2001,4886.854543854349
passenger-cars,LVA,2002,4970.325872008759
passenger-cars,LVA,2003,5233.591843680926
passenger-cars,LVA,2004,5614.584937953966
passenger-cars,LVA,2005,5864.338406646647
passenger-cars,LVA,2006,6941.183753433075
passenger-cars,LVA,2007,7829.880973316052
passenger-cars,LVA,2008,7610.782848510229
passenger-cars,LVA,2009,6852.548866748231
passenger-cars,LVA,2010,6835.027113879686
passenger-cars,LVA,2011,6678.708660818222
passenger-cars,LVA,2012,6600.8384370097865
passenger-cars,LVA,2013,6693.039794477591
passenger-cars,LVA,2014,7523.119664417963
passenger-cars,LVA,2015,8173.954607001381
passenger-cars,LVA,2016,8852.946695617622
passenger-cars,LVA,2017,9192.895408511804
passenger-cars,LVA,2018,9374.13049601518
passenger-cars,MKD,2000,2316.001933962701
passenger-cars,MKD,2001,2244.322452572846
passenger-cars,MKD,2002,2428.6701350460667
passenger-cars,MKD,2003,2476.9766461010504
passenger-cars,MKD,2004,2674.947842451741
passenger-cars,MKD,2005,2654.0689770425606
passenger-cars,MKD,2006,2698.808286218277
passenger-cars,MKD,2007,3115.404223904362
passenger-cars,MKD,2008,3264.0310499911448
passenger-cars,MKD,2009,3488.4971995545066
passenger-cars,MKD,2010,3792.198487493925
passenger-cars,MKD,2011,3847.7908616057102
passenger-cars,MKD,2012,3679.539240746035
passenger-cars,MKD,2013,4182.8835474211855
passenger-cars,MKD,2014,4344.356452933216
passenger-cars,MKD,2015,4868.800094405035
passenger-cars,MKD,2016,5412.936289580712
passenger-cars,MKD,2017,5544.181316073232
passenger-cars,MKD,2018,5504.719380530963
passenger-cars,MLT,2000,1399.1904593020497
passenger-cars,MLT,2001,1422.4034977262309
passenger-cars,MLT,2002,1485.354645877353
passenger-cars,MLT,2003,1549.0972140501678
passenger-cars,MLT,2004,1513.2838525272475
passenger-cars,MLT,2005,1678.09618444635
passenger-cars,MLT,2006,1742.423999323299
passenger-cars,MLT,2007,1696.721598058455
passenger-cars,MLT,2008,1851.879211980439
passenger-cars,MLT,2009,1936.6320606648976
passenger-cars,MLT,2010,1956.22734260569
passenger-cars,MLT,2011,2118.009749354157
passenger-cars,MLT,2012,2132.166520367285
passenger-cars,MLT,2013,2193.088427162161
passenger-cars,MLT,2014,2503.578303884376
passenger-cars,MLT,2015,2609.935339843214
passenger-cars,MLT,2016,2691.275464860033
passenger-cars,MLT,2017,2775.210836195065
passenger-cars,MLT,2018,3009.0999816281824
passenger-cars,MNE,2000,896.8162959590684
passenger-cars,MNE,2001,935.418992250222
passenger-cars,MNE,2002,957.529161479498
passenger-cars,MNE,2003,985.0202321717948
passenger-cars,MNE,2004,1032.2070312831363
passenger-cars,MNE,2005,1054.7243803699798
passenger-cars,MNE,2006,1088.1878132510055
passenger-cars,MNE,2007,1332.5418378362929
passenger-cars,MNE,2008,1336.3368442831263
passenger-cars,MNE,2009,1538.055507892617
passenger-cars,MNE,2010,1650.0338297742385
passenger-cars,MNE,2011,1444.2223479973986
passenger-cars,MNE,2012,1351.9786861477728
passenger-cars,MNE,2013,1192.9988341941716
passenger-cars,MNE,2014,1284.9932851383303
passenger-cars,MNE,2015,1473.4005643295884
passenger-cars,MNE,2016,1656.1873194061743
passenger-cars,MNE,2017,1769.86838067011
passenger-cars,MNE,2018,1860.1663780588813
passenger-cars,NLD,2000,89148.0
passenger-cars,NLD,2001,90195.9
passenger-cars,NLD,2002,91930.2
passenger-cars,NLD,2003,92942.8
passenger-cars,NLD,2004,95348.2
passenger-cars,NLD,2005,94901.9
passenger-cars,NLD,2006,95800.0
passenger-cars,NLD,2007,97500.0
passenger-cars,NLD,2008,96654.80000000002
passenger-cars,NLD,2009,96978.10000000002
passenger-cars,NLD,2010,97669.0
passenger-cars,NLD,2011,98190.0
passenger-cars,NLD,2012,98397.6
passenger-cars,NLD,2013,98482.6
passenger-cars,NLD,2014,98707.1
passenger-cars,NLD,2015,99968.69999999998
passenger-cars,NLD,2016,102821.57288566108
passenger-cars,NLD,2017,105013.34051153924
passenger-cars,NLD,2018,107549.47874993375
passenger-cars,NOR,2000,22182.247553538844
passenger-cars,NOR,2001,23287.5037970881
passenger-cars,NOR,2002,23427.36182516872
passenger-cars,NOR,2003,23434.75367891292
passenger-cars,NOR,2004,23761.53313421837
passenger-cars,NOR,2005,23548.50970252398
passenger-cars,NOR,2006,24007.61145590317
passenger-cars,NOR,2007,25147.55317027468
passenger-cars,NOR,2008,25894.796969083494
passenger-cars,NOR,2009,26091.33114203793
passenger-cars,NOR,2010,27734.63745391997
passenger-cars,NOR,2011,27431.510244258945
passenger-cars,NOR,2012,26733.17029830504
passenger-cars,NOR,2013,30641.46868120027
passenger-cars,NOR,2014,32589.521725542647
passenger-cars,NOR,2015,29931.414203048447
passenger-cars,NOR,2016,30496.99856544877
passenger-cars,NOR,2017,30718.78425069613
passenger-cars,NOR,2018,30213.842015836017
passenger-cars,POL,2000,69501.34990889026
passenger-cars,POL,2001,69275.46066023003
passenger-cars,POL,2002,68140.25142235884
passenger-cars,POL,2003,72332.25013399997
passenger-cars,POL,2004,82203.75845781447
passenger-cars,POL,2005,81555.14191496308
passenger-cars,POL,2006,91246.8673283054
passenger-cars,POL,2007,101247.49986074035
passenger-cars,POL,2008,111614.47936769172
passenger-cars,POL,2009,118765.0447370588
passenger-cars,POL,2010,126268.11745354888
passenger-cars,POL,2011,129354.48284936954
passenger-cars,POL,2012,129412.659375938
passenger-cars,POL,2013,124347.96026523254
passenger-cars,POL,2014,125361.03514531176
passenger-cars,POL,2015,135154.7780394658
passenger-cars,POL,2016,160752.14324371458
passenger-cars,POL,2017,184033.50150697085
passenger-cars,POL,2018,191784.93541055065
passenger-cars,PRT,2000,49660.011261683416
passenger-cars,PRT,2001,49951.70469163531
passenger-cars,PRT,2002,54250.74100299065
passenger-cars,PRT,2003,56347.243619966655
passenger-cars,PRT,2004,58208.213647411525
passenger-cars,PRT,2005,59311.88499118909
passenger-cars,PRT,2006,59971.76315052508
passenger-cars,PRT,2007,59982.430943567495
passenger-cars,PRT,2008,60967.690922856425
passenger-cars,PRT,2009,62372.62268937083
passenger-cars,PRT,2010,63725.23211584803
passenger-cars,PRT,2011,62133.72650489955
passenger-cars,PRT,2012,57475.97020016737
passenger-cars,PRT,2013,57892.28127162057
passenger-cars,PRT,2014,60193.50081580881
passenger-cars,PRT,2015,59966.24016816057
passenger-cars,PRT,2016,63705.26121249316
passenger-cars,PRT,2017,64506.82588448465
passenger-cars,PRT,2018,64902.75382590876
passenger-cars,ROU,2000,19779.593427977696
passenger-cars,ROU,2001,25406.114406169232
passenger-cars,ROU,2002,26208.51729819852
passenger-cars,ROU,2003,28243.39329811111
passenger-cars,ROU,2004,29972.78694575389
passenger-cars,ROU,2005,29823.736964127707
passenger-cars,ROU,2006,30456.644158948973
passenger-cars,ROU,2007,33224.62362822048
passenger-cars,ROU,2008,33642.0
passenger-cars,ROU,2009,35618.01599999999
passenger-cars,ROU,2010,36608.4
passenger-cars,ROU,2011,38322.0
passenger-cars,ROU,2012,40116.0
passenger-cars,ROU,2013,41995.2
passenger-cars,ROU,2014,43963.2
passenger-cars,ROU,2015,46023.6
passenger-cars,ROU,2016,52538.76739056688
passenger-cars,ROU,2017,55837.55819946616
passenger-cars,ROU,2018,57705.8607587007
passenger-cars,SRB,2000,5343.08286607975
passenger-cars,SRB,2001,7168.587475193879
passenger-cars,SRB,2002,9651.724552919202
passenger-cars,SRB,2003,10989.429030586669
passenger-cars,SRB,2004,17736.638081512247
passenger-cars,SRB,2005,17668.337237217886
passenger-cars,SRB,2006,19309.967392325267
passenger-cars,SRB,2007,13861.340835055737
passenger-cars,SRB,2008,18080.53057121201
passenger-cars,SRB,2009,18037.683997870103
passenger-cars,SRB,2010,18306.01792612741
passenger-cars,SRB,2011,16291.883896601375
passenger-cars,SRB,2012,16002.522820846389
passenger-cars,SRB,2013,16614.057844623203
passenger-cars,SRB,2014,17213.65416676884
passenger-cars,SRB,2015,16933.897178995303
passenger-cars,SRB,2016,17325.059438441465
passenger-cars,SRB,2017,17559.917992785515
passenger-cars,SRB,2018,17150.82024508585
passenger-cars,SVK,2000,12807.71421909083
passenger-cars,SVK,2001,13079.760778273574
passenger-cars,SVK,2002,13588.38060673295
passenger-cars,SVK,2003,13737.822548693488
passenger-cars,SVK,2004,13708.852503588892
passenger-cars,SVK,2005,13934.902784503927
passenger-cars,SVK,2006,14140.069508833743
passenger-cars,SVK,2007,14100.09269776847
passenger-cars,SVK,2008,14426.311311669651
passenger-cars,SVK,2009,14395.104999694251
passenger-cars,SVK,2010,14870.287831845491
passenger-cars,SVK,2011,14776.845349674642
passenger-cars,SVK,2012,14710.959754467483
passenger-cars,SVK,2013,14939.943865390467
passenger-cars,SVK,2014,15147.863946580126
passenger-cars,SVK,2015,15296.432483248662
passenger-cars,SVK,2016,16100.191151959769
passenger-cars,SVK,2017,17258.782848385108
passenger-cars,SVK,2018,16719.494275132696
passenger-cars,SVN,2000,10582.884804838415
passenger-cars,SVN,2001,10832.515430831094
passenger-cars,SVN,2002,11388.45993277031
passenger-cars,SVN,2003,11580.023820403478
passenger-cars,SVN,2004,12182.382216990907
passenger-cars,SVN,2005,12591.570275828492
passenger-cars,SVN,2006,13048.826045446674
passenger-cars,SVN,2007,14048.699602683424
passenger-cars,SVN,2008,14509.9578365815
passenger-cars,SVN,2009,15242.978384206071
passenger-cars,SVN,2010,15299.663152432757
passenger-cars,SVN,2011,15372.059755895842
passenger-cars,SVN,2012,15441.79091076474
passenger-cars,SVN,2013,15534.351985561969
passenger-cars,SVN,2014,16028.196379084406
passenger-cars,SVN,2015,16349.876873333387
passenger-cars,SVN,2016,17820.419078418356
passenger-cars,SVN,2017,18130.61340413338
passenger-cars,SVN,2018,18500.84386155905
passenger-cars,SWE,2000,53914.6039207356
passenger-cars,SWE,2001,54485.45217104432
passenger-cars,SWE,2002,55973.44155099663
passenger-cars,SWE,2003,56451.944921114446
passenger-cars,SWE,2004,57050.842938102505
passenger-cars,SWE,2005,57106.07012372508
passenger-cars,SWE,2006,57245.11879693397
passenger-cars,SWE,2007,58366.97033175591
passenger-cars,SWE,2008,57913.83248659124
passenger-cars,SWE,2009,57641.83737396438
passenger-cars,SWE,2010,57533.1857441959
passenger-cars,SWE,2011,58917.979282034816
passenger-cars,SWE,2012,59679.71403161001
passenger-cars,SWE,2013,62869.97518375679
passenger-cars,SWE,2014,67748.75084006245
passenger-cars,SWE,2015,68782.61657687668
passenger-cars,SWE,2016,61119.15516831771
passenger-cars,SWE,2017,59643.16589888609
passenger-cars,SWE,2018,57889.74575016819
heavy-duty-vehicles,ISL,2010,18.49382271611429
heavy-duty-vehicles,ISL,2011,18.320558646723825
heavy-duty-vehicles,ISL,2012,17.51921181238054
heavy-duty-vehicles,ISL,2013,20.17636740169335
heavy-duty-vehicles,ISL,2014,20.14535866078828
heavy-duty-vehicles,ISL,2015,20.809719077384717
heavy-duty-vehicles,ISL,2016,22.269244036694467
heavy-duty-vehicles,ISL,2017,24.821913896161128
heavy-duty-vehicles,ISL,2018,32.92811955353782
light-duty-vehicles,ISL,2010,52.91585448577055
light-duty-vehicles,ISL,2011,53.03787127526017
light-duty-vehicles,ISL,2012,51.163666532564555
light-duty-vehicles,ISL,2013,57.714125131043424
light-duty-vehicles,ISL,2014,58.64278181839721
light-duty-vehicles,ISL,2015,59.856801167802224
light-duty-vehicles,ISL,2016,63.6788636241049
light-duty-vehicles,ISL,2017,69.75195099031095
light-duty-vehicles,ISL,2018,91.7783556427716
coaches-and-buses,ISL,2010,31.636439339680404
coaches-and-buses,ISL,2011,31.695685838897255
coaches-and-buses,ISL,2012,31.125121582629195
coaches-and-buses,ISL,2013,42.346071550883124
coaches-and-buses,ISL,2014,42.98849545085367
coaches-and-buses,ISL,2015,44.17872908102404
coaches-and-buses,ISL,2016,48.053850189463446
coaches-and-buses,ISL,2017,57.37612070091347
coaches-and-buses,ISL,2018,58.730088767705546
passenger-cars,ISL,2010,2993.325532524988
passenger-cars,ISL,2011,2991.2822709855027
passenger-cars,ISL,2012,2957.5269750932166
passenger-cars,ISL,2013,3266.5160671433214
passenger-cars,ISL,2014,3385.817352812664
passenger-cars,ISL,2015,3452.2227465845344
passenger-cars,ISL,2016,4112.487400210179
passenger-cars,ISL,2017,4173.424736436331
passenger-cars,ISL,2018,3669.371420432308
motorcycles,ISL,2010,0.0
motorcycles,ISL,2011,0.0
motorcycles,ISL,2012,0.0
motorcycles,ISL,2013,0.0
motorcycles,ISL,2014,0.0
motorcycles,ISL,2015,0.0
motorcycles,ISL,2016,0.0
motorcycles,ISL,2017,0.0
motorcycles,ISL,2018,0.0
